Frame,5 Minute,N_S,N_W,S_N,S_W,W_N,W_S,
,,,,,,,,
1580,2,35,21,54,3,5,7,
2370,3,15,7,19,3,7,0,
3160,4,16,9,20,3,11,0,
3950,5,21,0,11,3,7,5,
,,,,,,,,
5530,7,41,23,61,9,21,2,
6320,8,39,3,27,2,13,3,
7110,9,2,0,4,4,8,5,
7900,10,5,10,29,8,1,4,
8690,11,21,1,45,2,19,2,
9480,12,32,10,41,5,18,1,
10270,13,24,3,26,3,2,7,
11060,14,5,5,11,2,15,8,
,,,,,,,,
12640,16,51,15,67,13,14,9,
13430,17,19,8,21,4,4,6,
,,,,,,,,
15010,19,41,14,46,10,7,10,
15800,20,10,5,24,2,1,3,
16590,21,32,8,42,5,18,5,
17380,22,25,5,14,4,2,6,
18170,23,20,5,36,1,6,3,
18960,24,7,2,9,2,6,7,
19750,25,9,2,21,2,6,6,
20540,26,19,8,25,2,5,3,
21330,27,26,4,37,3,10,8,
22120,28,30,1,34,3,13,6,
22910,29,50,6,46,4,24,2,
23700,30,17,1,23,1,5,5,
24490,31,22,10,29,2,12,4,
25280,32,24,5,21,1,4,0,
26070,33,26,11,19,4,6,4,
26860,34,20,4,28,1,6,2,
27650,35,20,1,10,2,3,4,
28440,36,37,32,58,3,16,4,
29230,37,9,0,17,2,2,3,
790,1,15,0,5,2,1,4,
1580,2,29,8,44,2,17,5,
2370,3,25,0,9,1,0,8,
3160,4,20,6,30,1,12,2,
3950,5,36,37,48,0,32,3,
4740,6,20,1,27,1,11,2,
5530,7,44,7,45,8,30,2,
,,,,,,,,
7110,9,41,33,43,8,17,8,
7900,10,19,14,20,0,3,2,
8690,11,36,13,47,1,24,1,
9480,12,2,0,11,0,0,3,
10270,13,36,6,38,1,26,3,
11060,14,20,1,11,0,5,3,
,,,,,,,,
12640,16,54,16,48,0,21,9,
13430,17,28,3,13,1,8,2,
14220,18,30,27,58,0,28,3,
15010,19,18,2,14,0,3,5,
15800,20,10,10,20,0,3,3,
16590,21,5,1,13,0,4,3,
17380,22,26,23,34,0,16,3,
18170,23,27,0,5,1,0,5,
18960,24,11,3,22,1,2,5,
19750,25,1,3,3,0,3,8,
20540,26,28,12,27,3,8,3,
21330,27,12,9,18,0,3,3,
22120,28,24,7,30,0,7,5,
22910,29,15,4,23,2,6,5,
23700,30,19,0,14,0,2,4,
24490,31,19,5,29,0,18,2,
25280,32,9,1,14,1,2,2,
26070,33,31,10,29,0,12,5,
26860,34,19,4,12,1,3,3,
27650,35,27,12,45,2,18,2,
28440,36,24,4,17,0,6,4,
29230,37,37,10,56,1,21,4,
790,1,23,4,31,1,3,4,
1580,2,19,2,36,2,3,4,
2370,3,21,1,16,2,5,4,
3160,4,30,6,47,2,16,4,
3950,5,25,3,23,1,7,5,
4740,6,27,4,44,1,18,6,
5530,7,33,19,47,5,11,2,
6320,8,32,7,47,0,8,4,
7110,9,13,1,18,2,4,5,
7900,10,21,0,39,0,9,5,
8690,11,8,10,27,1,6,0,
9480,12,18,11,35,3,0,4,
10270,13,14,0,33,2,6,6,
11060,14,31,16,41,2,14,3,
11850,15,2,2,21,2,24,2,
12640,16,34,3,38,1,15,3,
13430,17,32,17,52,2,15,4,
14220,18,41,23,37,3,15,4,
15010,19,29,14,48,2,15,0,
15800,20,21,6,47,1,16,1,
16590,21,38,5,35,1,8,3,
17380,22,26,4,28,6,13,2,
18170,23,2,1,25,5,5,2,
18960,24,50,4,24,1,14,3,
19750,25,35,10,63,4,19,6,
20540,26,10,3,29,1,6,3,
21330,27,32,15,41,2,22,1,
22120,28,10,4,24,3,3,6,
22910,29,42,11,49,4,24,4,
23700,30,6,1,23,0,14,6,
24490,31,47,6,57,6,31,4,
25280,32,14,2,21,2,5,0,
26070,33,19,10,33,5,8,0,
26860,34,53,18,60,1,37,2,
27650,35,10,1,28,5,3,3,
28440,36,49,12,59,2,35,4,
29230,37,18,12,33,5,6,2,
30020,38,13,8,42,1,0,1,
790,1,16,0,12,0,5,6,
1580,2,41,6,61,4,19,3,
2370,3,46,5,72,1,33,8,
3160,4,57,12,65,5,36,7,
3950,5,29,0,42,2,2,7,
4740,6,55,6,50,0,35,7,
5530,7,29,15,58,2,16,4,
6320,8,51,19,42,3,23,5,
7110,9,18,16,65,0,10,5,
7900,10,6,5,12,2,14,5,
8690,11,32,5,42,0,12,4,
9480,12,27,14,46,1,11,3,
10270,13,21,5,36,2,6,3,
11060,14,43,22,68,2,25,9,
11850,15,14,3,29,5,2,7,
12640,16,30,19,57,1,22,1,
13430,17,28,0,19,2,2,5,
14220,18,65,20,70,1,39,2,
15010,19,29,8,42,1,16,5,
15800,20,32,6,48,3,25,3,
16590,21,37,3,42,1,11,9,
17380,22,4,11,16,1,8,5,
18170,23,36,17,86,1,33,1,
18960,24,25,11,39,7,2,8,
19750,25,30,6,46,10,15,0,
20540,26,7,20,40,4,2,3,
21330,27,6,1,22,0,16,4,
22120,28,1,0,24,0,8,2,
22910,29,36,25,73,2,21,6,
23700,30,12,7,40,1,1,3,
24490,31,29,13,50,0,17,1,
25280,32,6,2,17,3,7,5,
26070,33,6,0,15,0,5,4,
26860,34,39,9,57,4,29,0,
27650,35,7,0,27,0,1,4,
28440,36,47,7,66,2,36,0,
29230,37,5,2,19,2,15,1,
790,1,30,19,54,3,13,5,
1580,2,26,13,18,1,1,5,
2370,3,31,15,58,3,26,3,
3160,4,24,1,31,2,6,1,
3950,5,41,0,55,1,22,3,
4740,6,22,10,31,2,10,2,
5530,7,13,3,33,0,1,5,
6320,8,36,3,45,0,18,4,
7110,9,25,6,31,4,4,1,
7900,10,33,15,56,1,24,0,
8690,11,28,4,33,2,1,1,
9480,12,34,24,58,2,21,5,
,,,,,,,,
11060,14,23,13,75,4,17,2,
11850,15,1,1,16,1,2,3,
12640,16,32,0,37,3,10,2,
13430,17,40,1,12,1,1,2,
14220,18,52,5,69,1,27,2,
15010,19,5,5,27,3,5,3,
15800,20,29,8,57,0,13,1,
16590,21,11,4,18,3,4,0,
17380,22,21,1,45,0,14,0,
18170,23,18,8,35,3,8,7,
18960,24,46,20,59,1,17,2,
19750,25,32,6,25,2,8,1,
20540,26,16,6,46,0,10,2,
21330,27,31,0,48,0,19,2,
22120,28,36,2,47,0,5,0,
22910,29,18,2,33,5,8,1,
23700,30,18,4,24,1,6,1,
24490,31,22,0,16,3,1,0,
25280,32,9,0,26,0,0,2,
26070,33,25,11,40,4,13,2,
,,,,,,,,
27650,35,54,5,75,4,16,11,
28440,36,24,12,32,2,10,5,
29230,37,42,20,67,2,29,1,
30020,38,13,0,17,3,2,4,
790,1,31,2,43,7,21,4,
1580,2,22,14,48,0,20,3,
2370,3,36,3,41,1,10,6,
3160,4,60,13,76,2,40,4,
3950,5,43,4,39,5,24,0,
4740,6,29,2,34,2,13,7,
,,,,,,,,
6320,8,60,21,89,3,29,7,
7110,9,20,11,35,0,2,3,
7900,10,61,25,74,6,48,0,
8690,11,15,8,31,3,2,9,
9480,12,14,0,3,2,13,2,
10270,13,64,5,73,1,38,3,
11060,14,17,1,39,1,8,6,
11850,15,69,20,48,1,28,0,
12640,16,29,2,40,3,15,3,
13430,17,17,1,33,2,19,2,
14220,18,33,8,55,2,16,5,
15010,19,56,17,82,3,28,6,
15800,20,24,11,35,5,14,1,
16590,21,75,5,57,3,39,6,
17380,22,39,5,43,4,17,2,
18170,23,21,3,34,1,7,5,
18960,24,50,6,44,0,22,7,
19750,25,43,5,64,1,30,0,
20540,26,14,1,37,1,4,4,
21330,27,18,4,20,1,3,9,
22120,28,64,7,66,2,30,7,
22910,29,21,0,32,4,6,0,
23700,30,38,11,65,2,19,0,
24490,31,27,8,34,4,9,4,
25280,32,7,2,13,0,3,11,
26070,33,56,14,83,5,36,3,
26860,34,22,4,50,10,12,4,
27650,35,35,2,40,7,20,3,
28440,36,28,0,42,7,4,4,
29230,37,56,7,58,3,42,7,
790,1,12,15,9,4,8,17,
1580,2,47,13,45,13,21,17,
2370,3,68,53,41,3,32,0,
3160,4,40,19,66,11,12,20,
3950,5,69,39,34,5,24,0,
4740,6,28,48,54,10,4,26,
5530,7,48,53,60,11,26,1,
6320,8,38,20,22,5,5,24,
7110,9,26,18,53,9,3,20,
7900,10,40,28,50,6,27,2,
8690,11,16,17,22,2,1,15,
9480,12,29,20,46,6,15,16,
10270,13,38,12,63,9,20,4,
11060,14,2,41,0,0,29,19,
11850,15,100,43,121,8,77,1,
12640,16,19,44,0,3,18,21,
13430,17,63,39,69,5,46,1,
14220,18,32,16,48,4,2,25,
15010,19,46,44,52,4,17,0,
15800,20,18,25,9,7,15,20,
16590,21,68,29,101,7,47,3,
17380,22,19,20,1,1,15,19,
18170,23,61,53,93,2,44,1,
18960,24,3,28,31,4,14,16,
19750,25,6,8,46,9,2,3,
20540,26,85,45,80,6,53,1,
21330,27,29,16,27,7,1,19,
22120,28,42,54,0,0,4,1,
22910,29,48,21,63,5,23,8,
23700,30,29,25,37,4,15,1,
24490,31,41,28,27,2,17,16,
25280,32,17,20,34,2,5,5,
26070,33,25,33,32,2,4,0,
26860,34,18,33,38,6,14,8,
27650,35,25,28,36,3,7,6,
28440,36,20,31,28,0,9,11,
29230,37,57,40,46,4,23,0,
790,1,28,34,50,4,9,14,
1580,2,22,12,25,5,6,6,
2370,3,49,23,55,1,22,8,
3160,4,13,10,16,3,2,4,
3950,5,22,21,51,3,11,3,
4740,6,23,17,35,1,2,2,
5530,7,19,29,46,3,6,10,
6320,8,31,19,36,2,8,9,
7110,9,20,24,30,4,6,2,
7900,10,43,17,57,2,15,5,
8690,11,19,19,33,4,5,9,
9480,12,23,31,44,4,9,5,
10270,13,39,15,48,5,21,3,
11060,14,25,15,47,2,11,5,
11850,15,29,44,47,2,18,9,
12640,16,49,9,41,7,25,7,
13430,17,23,5,31,6,2,6,
14220,18,46,14,49,2,25,7,
,,,,,,,,
15800,20,48,32,74,8,22,18,
16590,21,25,27,50,1,11,3,
17380,22,22,29,30,5,2,7,
18170,23,32,37,44,2,13,11,
18960,24,27,47,39,1,2,6,
19750,25,31,21,54,6,10,4,
20540,26,31,21,46,1,17,8,
21330,27,22,20,35,2,9,3,
22120,28,27,19,40,7,9,6,
22910,29,31,48,47,5,21,8,
23700,30,13,31,42,2,1,6,
24490,31,17,18,34,3,4,6,
25280,32,26,17,20,6,9,3,
26070,33,45,30,52,0,22,10,
26860,34,11,19,39,4,1,4,
27650,35,29,24,46,5,11,4,
28440,36,31,30,35,6,6,10,
29230,37,16,24,34,1,6,5,
790,1,16,11,35,0,8,3,
1580,2,41,25,46,6,29,7,
2370,3,28,26,42,2,16,2,
3160,4,35,36,50,8,27,12,
3950,5,23,38,29,2,7,3,
4740,6,39,23,51,2,19,8,
5530,7,25,20,47,4,3,6,
6320,8,36,36,49,3,18,7,
7110,9,45,36,64,6,33,8,
7900,10,34,21,34,4,12,13,
8690,11,34,47,58,1,17,5,
9480,12,27,21,31,1,7,14,
10270,13,33,19,40,3,15,4,
11060,14,27,10,47,2,13,5,
11850,15,30,36,51,4,18,10,
12640,16,26,23,28,2,4,11,
13430,17,46,43,70,6,30,10,
,,,,,,,,
15010,19,30,35,52,3,6,8,
15800,20,31,27,38,7,13,5,
16590,21,26,16,38,4,10,8,
17380,22,20,8,40,5,5,3,
18170,23,26,24,46,1,8,3,
18960,24,41,35,65,2,21,1,
19750,25,13,27,39,5,3,6,
20540,26,31,59,62,3,26,9,
21330,27,16,7,16,2,6,10,
22120,28,24,22,35,5,11,10,
22910,29,31,31,54,4,23,5,
23700,30,32,31,54,3,15,8,
24490,31,43,20,53,2,22,6,
25280,32,15,17,40,5,4,9,
26070,33,36,15,37,5,12,8,
26860,34,18,22,25,3,5,3,
27650,35,48,31,68,3,29,8,
28440,36,23,40,37,7,2,10,
29230,37,51,29,59,1,28,3,
790,1,48,32,56,8,22,7,
1580,2,26,22,36,2,7,7,
2370,3,45,17,46,6,16,7,
3160,4,58,20,80,5,38,10,
3950,5,15,6,29,2,2,10,
4740,6,70,22,87,8,49,9,
5530,7,28,10,40,2,9,12,
6320,8,21,16,41,9,2,7,
7110,9,31,39,53,5,14,4,
7900,10,39,18,50,14,15,6,
8690,11,13,18,47,5,3,12,
9480,12,55,31,63,7,38,18,
10270,13,26,28,40,10,2,8,
11060,14,23,24,32,4,6,12,
11850,15,23,11,36,6,10,5,
12640,16,44,22,52,2,17,12,
13430,17,24,15,26,5,8,11,
14220,18,21,14,55,3,3,10,
15010,19,43,18,53,7,21,12,
15800,20,3,15,40,8,14,12,
16590,21,77,27,81,4,45,13,
17380,22,94,24,68,7,39,10,
18170,23,42,41,45,7,22,17,
18960,24,21,19,19,1,9,25,
19750,25,39,20,41,10,11,29,
20540,26,56,20,80,16,29,15,
21330,27,36,23,30,4,9,23,
,,,,,,,,
22910,29,21,17,41,12,15,45,
23700,30,60,40,89,2,41,7,
24490,31,39,21,61,0,22,16,
25280,32,32,25,34,2,2,16,
26070,33,50,28,65,13,25,25,
26860,34,33,22,20,1,13,9,
27650,35,74,67,106,5,57,24,
28440,36,48,22,26,0,17,26,
29230,37,30,14,49,4,10,30,
790,1,36,19,60,5,16,9,
1580,2,7,32,22,2,1,2,
2370,3,42,18,59,1,26,9,
3160,4,36,15,49,5,10,14,
3950,5,31,18,42,6,16,9,
4740,6,24,27,47,3,0,9,
5530,7,19,35,51,1,6,8,
6320,8,38,13,40,1,14,8,
7110,9,4,35,40,1,10,7,
7900,10,50,22,57,4,18,10,
8690,11,9,19,43,2,14,9,
9480,12,9,8,31,1,16,5,
10270,13,21,8,39,0,3,8,
11060,14,25,26,57,3,4,9,
11850,15,14,21,49,3,0,5,
12640,16,24,27,43,4,5,5,
13430,17,27,21,43,4,5,6,
14220,18,4,25,43,1,9,6,
15010,19,28,9,43,2,16,5,
15800,20,35,11,48,4,11,5,
16590,21,29,15,38,3,18,6,
17380,22,30,25,63,3,17,11,
18170,23,22,37,52,2,7,6,
18960,24,2,17,31,2,6,6,
19750,25,24,39,44,1,14,5,
20540,26,22,21,55,2,19,6,
21330,27,30,23,47,0,12,8,
22120,28,21,17,55,1,2,4,
22910,29,23,16,22,5,0,7,
23700,30,45,7,54,1,27,5,
24490,31,21,15,37,6,2,7,
25280,32,33,20,45,7,8,7,
26070,33,13,23,45,5,4,9,
26860,34,31,5,49,3,22,5,
27650,35,27,29,46,5,5,5,
28440,36,8,15,37,3,7,6,
29230,37,22,25,34,3,7,8,
790,1,21,32,56,1,15,8,
1580,2,62,15,65,2,23,7,
2370,3,13,29,21,2,12,17,
3160,4,20,33,33,21,0,8,
3950,5,62,50,75,0,40,11,
4740,6,64,22,61,6,37,8,
5530,7,65,30,72,3,41,4,
6320,8,46,39,54,2,23,12,
7110,9,36,42,57,3,14,12,
7900,10,66,31,86,4,43,10,
8690,11,44,16,71,4,23,12,
9480,12,35,20,45,5,14,0,
10270,13,32,23,29,4,15,8,
11060,14,56,29,57,8,28,20,
11850,15,29,46,51,4,15,6,
12640,16,48,51,75,5,40,6,
13430,17,46,41,55,3,24,5,
14220,18,41,19,41,2,22,12,
15010,19,22,8,26,4,7,11,
15800,20,48,30,70,4,31,9,
16590,21,21,7,27,1,2,10,
17380,22,56,25,72,10,46,1,
18170,23,36,35,43,2,14,12,
18960,24,22,12,20,3,4,9,
19750,25,48,18,69,1,27,20,
20540,26,26,30,60,3,14,13,
21330,27,55,29,65,1,26,3,
22120,28,33,45,52,3,15,9,
22910,29,38,16,32,2,1,19,
23700,30,59,38,66,4,30,10,
24490,31,56,8,78,6,38,12,
25280,32,68,35,87,2,52,4,
26070,33,54,15,59,3,31,8,
26860,34,33,22,40,1,19,6,
27650,35,47,10,75,4,31,15,
28440,36,82,34,105,6,70,16,
29230,37,59,54,90,3,46,0,
790,1,4,0,9,2,18,8,
1580,2,27,10,35,6,13,8,
2370,3,22,18,41,6,15,8,
3160,4,19,2,27,5,1,5,
3950,5,13,11,29,0,9,1,
4740,6,28,3,7,1,1,14,
5530,7,12,6,28,5,1,6,
6320,8,14,15,40,3,2,6,
7110,9,8,12,16,0,9,11,
7900,10,30,13,40,1,17,12,
8690,11,14,8,35,1,9,2,
9480,12,0,3,27,4,6,13,
10270,13,27,12,47,3,20,5,
11060,14,39,6,27,1,12,11,
11850,15,35,10,28,2,8,9,
12640,16,34,13,41,3,20,13,
13430,17,29,4,25,1,10,4,
14220,18,34,2,28,2,18,11,
15010,19,18,16,38,1,0,15,
15800,20,11,2,9,0,5,10,
16590,21,36,21,45,5,15,14,
17380,22,43,5,52,4,34,2,
18170,23,7,13,17,1,1,7,
18960,24,17,7,36,2,7,3,
19750,25,33,4,23,5,11,7,
20540,26,25,11,19,1,8,6,
21330,27,37,2,37,0,24,2,
22120,28,28,10,45,3,20,6,
22910,29,16,5,11,4,4,10,
23700,30,7,7,14,2,0,8,
24490,31,16,1,33,1,6,5,
25280,32,20,1,17,0,6,4,
26070,33,17,0,22,1,12,2,
26860,34,25,5,35,1,19,0,
27650,35,42,12,33,3,21,5,
28440,36,22,10,21,2,1,9,
29230,37,20,4,14,4,3,5,
30020,38,30,4,19,2,11,11,
790,1,24,1,14,0,5,9,
1580,2,29,7,31,0,20,5,
2370,3,28,10,32,3,15,1,
3160,4,42,17,44,2,24,6,
3950,5,31,13,48,2,21,3,
4740,6,17,10,13,2,5,4,
,,,,,,,,
6320,8,20,4,37,5,10,6,
7110,9,15,8,18,1,2,7,
7900,10,44,10,30,0,17,12,
8690,11,38,6,42,3,26,5,
9480,12,31,23,35,5,20,5,
10270,13,17,7,16,1,5,6,
11060,14,30,3,30,0,14,3,
11850,15,23,14,28,3,7,1,
12640,16,28,6,26,3,8,4,
13430,17,8,14,19,2,0,5,
14220,18,12,6,24,4,1,5,
15010,19,24,22,26,2,9,4,
15800,20,20,7,30,4,12,2,
16590,21,30,7,34,0,15,4,
17380,22,19,8,41,2,7,5,
18170,23,9,8,28,1,3,7,
18960,24,31,8,36,4,21,11,
,,,,,,,,
20540,26,54,19,62,3,30,11,
21330,27,26,13,25,2,11,9,
22120,28,21,17,33,3,12,2,
22910,29,18,4,31,3,4,4,
23700,30,28,7,31,3,14,3,
24490,31,13,10,35,4,8,2,
25280,32,22,18,37,4,9,5,
26070,33,34,9,28,3,16,4,
26860,34,17,6,21,0,4,1,
27650,35,24,5,33,0,12,11,
28440,36,29,4,24,2,14,4,
29230,37,20,1,21,2,2,3,
790,1,12,6,12,5,0,6,
1580,2,20,14,24,3,2,8,
2370,3,56,16,70,6,45,5,
3160,4,37,7,48,1,18,10,
3950,5,17,5,31,6,1,3,
4740,6,29,4,42,5,11,14,
5530,7,25,17,39,5,14,3,
6320,8,26,1,22,5,3,4,
7110,9,26,12,48,5,8,10,
7900,10,30,0,32,4,6,9,
8690,11,34,3,51,2,20,6,
9480,12,24,11,39,4,8,10,
10270,13,40,4,38,3,13,5,
11060,14,27,11,48,4,12,10,
11850,15,25,7,33,6,7,7,
12640,16,40,5,29,2,10,7,
13430,17,15,10,37,2,6,1,
14220,18,31,25,58,7,19,3,
15010,19,24,11,24,8,11,6,
15800,20,30,16,50,5,16,7,
16590,21,34,7,41,6,15,8,
17380,22,28,10,40,11,11,2,
18170,23,23,5,23,3,1,13,
18960,24,26,11,26,4,6,4,
19750,25,18,10,18,4,1,4,
20540,26,36,9,48,3,16,5,
21330,27,29,3,34,4,7,6,
22120,28,27,11,27,7,7,2,
22910,29,22,16,54,10,10,7,
23700,30,33,24,36,7,22,4,
24490,31,19,7,41,1,7,3,
25280,32,16,5,39,9,4,6,
26070,33,27,10,49,5,17,4,
26860,34,29,2,25,4,7,5,
27650,35,52,15,60,4,29,6,
28440,36,19,4,20,4,5,9,
29230,37,37,9,42,4,18,4,
30020,38,37,10,48,8,16,7,
790,1,4,9,19,2,3,11,
1580,2,8,6,44,1,5,5,
2370,3,0,9,36,7,5,5,
3160,4,10,5,23,2,13,6,
3950,5,28,25,50,4,14,12,
4740,6,16,9,37,2,9,12,
5530,7,34,30,69,2,30,8,
6320,8,5,6,34,3,11,3,
7110,9,7,17,61,1,6,7,
7900,10,10,4,28,8,0,6,
8690,11,41,20,55,1,27,11,
9480,12,22,9,31,4,12,18,
10270,13,27,16,55,0,19,15,
11060,14,11,17,30,2,0,18,
11850,15,19,17,39,7,10,12,
12640,16,16,20,45,2,9,11,
13430,17,17,21,48,2,3,17,
14220,18,11,9,19,3,22,10,
15010,19,28,24,70,2,23,9,
15800,20,12,11,27,6,6,8,
16590,21,16,23,70,3,10,8,
17380,22,12,17,33,4,5,2,
18170,23,34,15,45,0,19,13,
18960,24,14,7,19,1,2,21,
19750,25,34,25,70,6,23,17,
20540,26,43,16,51,2,33,13,
21330,27,15,14,32,2,10,8,
22120,28,41,34,68,3,28,21,
22910,29,32,4,28,7,21,16,
23700,30,41,39,68,5,23,18,
24490,31,35,17,59,6,26,10,
25280,32,35,1,1,0,2,30,
26070,33,23,22,46,8,9,15,
26860,34,30,7,36,3,13,20,
27650,35,33,12,33,3,10,22,
28440,36,14,20,59,9,9,5,
29230,37,31,6,17,1,7,29,
30020,38,19,29,66,3,9,13,
790,1,39,2,2,4,4,27,
1580,2,24,9,55,11,4,6,
2370,3,48,12,68,11,15,5,
3160,4,79,29,75,9,44,15,
3950,5,13,7,27,12,7,16,
4740,6,38,3,19,3,10,27,
5530,7,41,23,46,12,22,9,
6320,8,34,10,34,5,7,11,
7110,9,35,28,52,6,20,15,
7900,10,37,8,77,11,29,8,
8690,11,7,1,30,3,19,16,
9480,12,40,8,53,11,16,0,
10270,13,37,12,33,3,13,13,
11060,14,33,22,69,16,16,1,
11850,15,103,15,98,12,66,18,
12640,16,64,8,59,1,36,13,
13430,17,56,2,31,9,17,23,
14220,18,19,4,27,15,6,1,
15010,19,92,25,105,10,62,7,
15800,20,33,2,45,6,7,12,
16590,21,41,10,39,2,7,9,
17380,22,89,5,86,5,54,15,
18170,23,21,4,31,5,3,12,
18960,24,30,16,57,3,21,13,
19750,25,14,1,31,7,4,3,
20540,26,17,2,3,6,5,12,
21330,27,62,30,88,5,29,5,
22120,28,32,1,0,2,2,0,
22910,29,56,7,63,7,47,15,
23700,30,31,9,40,7,7,7,
24490,31,22,1,14,9,0,6,
25280,32,33,1,40,5,19,9,
26070,33,1,7,47,7,3,2,
26860,34,18,1,21,1,6,15,
27650,35,25,11,13,4,2,5,
28440,36,37,3,31,3,10,0,
29230,37,58,8,52,1,38,8,
790,1,20,11,32,4,4,2,
1580,2,23,6,41,5,4,4,
2370,3,24,14,39,2,8,11,
3160,4,28,21,40,2,4,7,
3950,5,44,13,38,5,20,8,
4740,6,14,11,42,6,7,8,
5530,7,21,2,16,2,2,10,
6320,8,63,9,54,5,39,4,
7110,9,8,11,30,7,18,6,
7900,10,41,11,57,4,24,3,
8690,11,8,6,25,5,6,8,
9480,12,27,15,41,3,4,3,
10270,13,24,11,36,8,6,8,
11060,14,40,12,44,2,15,8,
11850,15,20,14,49,6,6,4,
12640,16,32,0,34,6,11,2,
13430,17,26,29,44,2,14,4,
14220,18,25,2,33,0,8,6,
15010,19,36,10,56,0,11,7,
15800,20,6,2,20,5,7,1,
16590,21,49,17,66,0,35,2,
17380,22,24,5,26,8,1,4,
18170,23,37,15,53,3,24,4,
18960,24,18,1,24,3,5,7,
19750,25,43,5,46,2,21,4,
20540,26,8,8,17,2,4,3,
21330,27,40,8,38,6,20,8,
22120,28,34,16,40,0,11,3,
22910,29,24,0,33,4,7,4,
23700,30,32,3,40,7,15,2,
24490,31,32,4,30,5,10,10,
25280,32,17,10,28,3,2,6,
26070,33,16,19,47,4,3,5,
26860,34,37,7,43,1,19,5,
27650,35,32,8,32,3,17,2,
,,,,,,,,
29230,37,56,9,58,6,30,17,
790,1,48,2,49,1,24,8,
1580,2,22,8,28,3,1,15,
2370,3,20,5,24,4,3,6,
3160,4,17,1,27,3,9,9,
3950,5,34,2,47,5,17,6,
4740,6,26,7,43,6,5,14,
5530,7,33,4,38,8,9,12,
6320,8,66,16,62,12,32,19,
7110,9,27,24,64,10,9,7,
7900,10,30,5,48,3,17,7,
8690,11,54,5,62,8,31,7,
9480,12,55,6,60,7,31,9,
10270,13,17,4,43,13,2,6,
11060,14,44,18,51,10,20,6,
11850,15,64,6,53,7,21,14,
12640,16,17,3,38,1,6,18,
,,,,,,,,
14220,18,89,35,124,14,47,8,
15010,19,49,11,67,7,31,10,
15800,20,25,7,42,2,3,9,
16590,21,16,1,15,3,12,10,
17380,22,28,1,40,6,0,19,
18170,23,53,11,61,6,35,2,
18960,24,65,8,85,7,46,4,
19750,25,40,5,55,8,13,15,
20540,26,41,12,58,6,14,25,
21330,27,97,23,120,16,77,0,
22120,28,28,2,10,1,6,26,
22910,29,28,24,53,4,13,19,
23700,30,59,25,93,5,43,0,
24490,31,5,2,13,5,16,24,
25280,32,46,20,74,10,19,18,
26070,33,48,33,62,6,21,17,
26860,34,17,10,26,2,9,29,
,,,,,,,,
28440,36,53,33,80,3,8,13,
29230,37,37,11,65,6,20,19,
790,1,13,8,50,3,2,6,
1580,2,24,6,57,3,13,7,
2370,3,18,4,19,3,5,11,
3160,4,36,9,66,7,24,1,
3950,5,1,16,34,4,12,10,
4740,6,29,6,44,3,7,7,
5530,7,16,5,37,3,0,5,
6320,8,31,5,55,2,13,9,
7110,9,24,18,32,1,3,13,
7900,10,21,8,58,4,10,2,
8690,11,20,9,51,1,9,12,
9480,12,33,7,36,4,13,5,
10270,13,41,24,62,2,27,3,
11060,14,1,1,20,4,11,10,
11850,15,29,21,56,1,13,1,
12640,16,35,9,29,8,14,5,
13430,17,20,20,54,2,3,7,
14220,18,28,3,34,4,5,9,
15010,19,34,10,71,3,22,6,
15800,20,11,0,17,4,2,4,
16590,21,62,20,89,1,38,4,
17380,22,23,6,33,2,3,10,
18170,23,37,4,57,5,12,9,
18960,24,9,9,40,9,1,4,
19750,25,32,10,59,3,22,1,
20540,26,29,9,20,4,1,9,
21330,27,30,28,47,5,18,7,
22120,28,37,21,54,3,14,9,
22910,29,30,24,48,3,16,5,
23700,30,27,10,64,3,6,8,
24490,31,25,3,44,4,9,5,
25280,32,30,15,60,2,4,7,
26070,33,26,1,50,4,13,11,
26860,34,16,19,47,2,5,11,
27650,35,5,5,38,7,3,7,
28440,36,18,21,41,3,1,5,
29230,37,42,5,33,3,9,6,
790,1,25,1,7,1,4,15,
1580,2,20,14,44,4,8,10,
2370,3,54,19,60,7,34,10,
3160,4,44,14,62,2,17,5,
3950,5,48,14,49,5,21,14,
4740,6,27,19,38,4,1,31,
5530,7,41,6,46,7,17,4,
6320,8,26,6,41,5,1,29,
7110,9,81,38,100,4,70,1,
7900,10,19,4,20,0,19,18,
8690,11,19,1,24,8,0,19,
9480,12,90,14,99,10,58,0,
10270,13,42,22,69,0,6,20,
11060,14,34,27,59,4,16,6,
11850,15,47,4,41,4,27,4,
12640,16,29,18,28,4,7,24,
13430,17,106,51,143,4,101,0,
14220,18,14,11,22,1,7,23,
15010,19,57,19,81,7,37,0,
15800,20,11,10,61,9,4,21,
16590,21,26,0,0,0,17,22,
17380,22,102,35,137,3,90,0,
18170,23,12,14,28,7,11,24,
18960,24,61,6,52,2,37,1,
19750,25,69,26,116,3,53,8,
20540,26,21,4,22,5,5,14,
21330,27,10,8,45,5,2,10,
22120,28,84,30,104,8,69,0,
22910,29,8,0,19,4,9,15,
23700,30,19,5,39,8,3,8,
24490,31,99,28,110,3,79,1,
25280,32,9,16,26,1,22,18,
26070,33,66,8,87,4,47,7,
26860,34,50,2,35,2,21,11,
27650,35,65,36,88,2,41,17,
28440,36,77,22,94,1,62,1,
29230,37,27,15,33,3,5,20,
790,1,9,0,9,3,3,1,
1580,2,9,0,37,0,4,0,
2370,3,3,1,14,0,6,1,
3160,4,24,3,25,3,6,1,
,,,,,,,,
,,,,,,,,
5530,7,45,10,58,3,17,8,
6320,8,25,9,31,0,7,0,
7110,9,14,0,25,1,11,0,
7900,10,0,0,6,0,3,4,
8690,11,11,1,23,2,11,0,
9480,12,35,9,30,3,11,1,
10270,13,31,1,34,5,10,1,
11060,14,20,1,15,3,7,7,
11850,15,10,0,8,4,5,2,
,,,,,,,,
13430,17,27,15,85,1,10,2,
14220,18,14,1,12,0,7,4,
15010,19,3,0,6,0,12,1,
15800,20,14,7,53,2,12,1,
16590,21,32,6,17,1,5,0,
17380,22,15,3,28,1,2,1,
18170,23,4,7,20,1,0,1,
18960,24,18,0,25,1,4,7,
19750,25,26,4,17,0,8,2,
20540,26,8,0,15,1,2,4,
21330,27,17,10,29,1,7,4,
22120,28,13,1,37,3,1,5,
22910,29,16,14,29,2,4,5,
23700,30,24,6,39,1,16,2,
24490,31,15,12,23,0,7,0,
25280,32,27,0,30,1,5,0,
26070,33,11,0,17,0,0,9,
26860,34,9,0,7,1,2,1,
27650,35,26,10,21,5,2,10,
28440,36,14,0,17,3,0,3,
29230,37,21,18,48,0,13,2,
790,1,14,11,44,3,1,5,
1580,2,34,4,33,3,16,3,
2370,3,18,1,34,2,7,4,
3160,4,14,7,30,5,5,5,
3950,5,35,4,34,5,16,6,
4740,6,24,9,50,3,13,8,
5530,7,49,18,79,3,36,5,
6320,8,22,9,45,8,5,7,
7110,9,27,17,50,2,8,7,
7900,10,33,12,24,2,8,6,
8690,11,13,5,39,2,4,3,
9480,12,32,7,61,2,19,5,
10270,13,24,9,51,3,8,4,
11060,14,29,18,48,7,12,6,
11850,15,10,8,43,7,4,0,
12640,16,26,23,51,2,20,1,
13430,17,7,5,38,1,2,2,
14220,18,50,2,48,3,26,1,
15010,19,10,6,36,4,2,3,
15800,20,19,5,32,5,3,2,
16590,21,38,10,57,3,20,7,
17380,22,22,8,48,3,5,5,
18170,23,38,14,42,2,18,6,
18960,24,23,16,58,4,9,5,
19750,25,34,18,53,2,16,2,
20540,26,1,13,31,2,11,6,
21330,27,41,6,52,0,26,4,
22120,28,18,11,45,1,5,1,
22910,29,28,3,37,3,18,4,
23700,30,43,10,60,2,17,7,
24490,31,8,2,39,4,5,4,
25280,32,25,11,34,3,13,3,
26070,33,51,9,56,3,33,6,
26860,34,24,11,30,1,6,9,
27650,35,20,1,18,4,2,7,
28440,36,46,17,62,3,28,5,
29230,37,22,22,40,5,6,0,
790,1,38,4,53,2,15,2,
1580,2,17,3,23,4,2,4,
2370,3,45,19,57,4,18,6,
3160,4,22,20,50,6,14,6,
3950,5,24,4,46,5,8,7,
4740,6,31,11,37,1,11,7,
5530,7,29,5,39,5,11,6,
6320,8,16,8,40,1,7,5,
7110,9,23,14,44,1,4,4,
7900,10,14,7,36,1,2,3,
8690,11,36,18,65,2,20,5,
9480,12,10,4,31,3,7,14,
10270,13,58,22,81,6,42,8,
11060,14,38,0,33,2,9,8,
11850,15,27,9,39,2,15,3,
12640,16,26,4,50,2,11,7,
13430,17,33,8,59,1,16,2,
14220,18,34,3,33,2,17,6,
15010,19,30,1,43,3,21,2,
15800,20,38,6,47,2,22,5,
16590,21,36,3,30,1,11,4,
17380,22,22,0,44,2,4,14,
18170,23,39,15,61,6,27,4,
18960,24,55,13,65,0,39,7,
19750,25,21,1,25,0,1,4,
20540,26,18,0,28,0,11,6,
21330,27,64,13,78,0,41,0,
22120,28,5,2,39,2,5,0,
22910,29,48,22,47,1,30,12,
23700,30,20,0,28,2,5,2,
24490,31,3,0,22,2,6,10,
25280,32,35,1,72,0,31,3,
26070,33,34,3,36,5,17,3,
26860,34,29,7,45,3,13,5,
27650,35,1,2,15,2,11,9,
28440,36,5,1,10,3,4,6,
29230,37,56,18,91,1,34,8,
790,1,40,4,54,8,18,6,
1580,2,34,16,51,1,14,2,
2370,3,6,1,20,2,10,5,
3160,4,16,7,43,2,8,1,
3950,5,31,4,33,1,12,5,
4740,6,36,24,54,5,21,4,
5530,7,23,6,47,4,8,3,
6320,8,24,24,49,1,11,1,
7110,9,23,15,53,0,13,7,
7900,10,19,12,61,1,12,3,
8690,11,41,7,40,0,19,1,
9480,12,20,3,49,3,7,2,
10270,13,26,15,32,0,7,3,
11060,14,10,5,10,4,2,7,
11850,15,10,1,23,1,4,4,
12640,16,54,16,52,0,27,8,
,,,,,,,,
14220,18,90,8,87,6,38,15,
15010,19,20,22,35,4,11,2,
15800,20,29,4,41,3,18,5,
16590,21,14,11,35,0,8,10,
17380,22,16,0,21,2,3,6,
18170,23,15,5,49,0,8,2,
18960,24,35,5,46,2,17,9,
19750,25,43,10,66,2,31,3,
20540,26,12,12,21,1,7,9,
21330,27,40,26,69,3,25,2,
22120,28,30,5,28,1,11,1,
22910,29,14,5,38,1,7,2,
23700,30,22,2,13,1,0,7,
24490,31,23,19,54,2,12,3,
25280,32,9,0,11,2,4,6,
26070,33,41,22,67,1,32,6,
26860,34,11,10,26,1,3,1,
27650,35,31,2,47,6,6,7,
28440,36,31,5,38,2,18,4,
29230,37,24,3,43,2,12,10,
790,1,21,0,17,3,6,7,
1580,2,31,18,43,3,18,1,
2370,3,9,3,20,6,2,3,
3160,4,45,35,55,8,22,3,
3950,5,33,4,32,5,18,7,
4740,6,18,1,17,1,0,8,
5530,7,36,13,44,2,19,4,
,,,,,,,,
7110,9,65,28,92,12,36,8,
7900,10,31,11,55,2,27,3,
8690,11,34,9,47,6,14,3,
,,,,,,,,
10270,13,50,42,109,8,32,13,
11060,14,27,13,29,4,7,2,
11850,15,28,23,50,2,21,2,
12640,16,21,2,17,1,23,3,
13430,17,16,13,50,7,10,5,
14220,18,29,0,31,0,8,13,
15010,19,42,15,55,1,14,1,
,,,,,,,,
16590,21,67,1,59,4,28,14,
17380,22,21,5,46,4,8,10,
18170,23,46,28,67,4,30,7,
18960,24,35,3,39,2,20,3,
19750,25,55,8,68,1,41,1,
20540,26,11,4,24,0,5,2,
21330,27,19,3,35,3,5,5,
22120,28,33,10,58,3,15,9,
22910,29,28,5,71,4,19,2,
23700,30,30,13,56,5,23,0,
24490,31,38,1,32,4,17,6,
,,,,,,,,
26070,33,71,27,109,8,45,21,
26860,34,74,39,94,2,51,5,
27650,35,21,8,38,3,6,1,
28440,36,28,2,30,4,11,6,
29230,37,4,0,3,1,18,7,
790,1,29,5,32,2,23,2,
1580,2,28,7,30,0,15,3,
2370,3,25,8,29,1,16,8,
3160,4,10,0,18,0,6,1,
3950,5,41,19,52,1,32,5,
4740,6,23,3,21,0,13,2,
5530,7,42,18,50,0,34,3,
6320,8,9,3,12,1,3,0,
,,,,,,,,
7900,10,23,11,45,4,15,4,
8690,11,26,10,44,0,20,1,
9480,12,19,2,23,0,5,4,
10270,13,42,7,36,3,29,2,
11060,14,18,5,23,1,15,0,
11850,15,34,10,37,2,27,1,
12640,16,30,4,30,2,12,0,
13430,17,16,2,17,1,12,1,
14220,18,25,5,21,4,16,1,
15010,19,59,8,41,0,39,1,
15800,20,22,2,17,1,15,3,
16590,21,33,11,21,2,19,3,
17380,22,42,3,30,0,26,0,
18170,23,40,3,35,0,26,4,
18960,24,9,6,15,1,4,3,
19750,25,17,4,18,1,4,0,
20540,26,40,15,36,1,24,3,
21330,27,21,14,28,2,6,4,
22120,28,18,12,40,1,10,5,
22910,29,36,1,22,0,12,3,
23700,30,33,3,44,0,26,3,
24490,31,18,8,28,1,13,1,
25280,32,42,12,31,1,19,2,
26070,33,25,8,33,1,15,2,
26860,34,25,14,33,1,22,0,
27650,35,39,4,36,3,25,0,
28440,36,34,16,32,1,23,0,
29230,37,12,5,14,3,3,4,
790,1,23,5,26,0,11,0,
1580,2,41,8,29,1,24,0,
2370,3,21,4,25,0,15,4,
3160,4,17,2,32,1,3,4,
3950,5,30,12,32,0,14,2,
4740,6,15,26,31,2,10,3,
5530,7,18,22,32,3,7,0,
6320,8,38,1,33,2,19,2,
7110,9,10,12,39,4,5,0,
7900,10,18,6,23,3,9,1,
8690,11,49,13,54,2,38,3,
9480,12,15,5,13,2,0,3,
10270,13,24,14,40,4,15,2,
11060,14,10,1,18,0,5,3,
11850,15,41,18,46,0,24,4,
12640,16,24,22,36,2,13,1,
13430,17,45,45,54,0,37,2,
14220,18,35,4,21,2,12,2,
15010,19,43,7,43,1,21,2,
15800,20,49,10,62,3,41,4,
16590,21,32,8,48,4,7,4,
17380,22,63,20,63,3,48,2,
18170,23,18,0,27,1,6,5,
18960,24,34,17,39,1,16,4,
19750,25,2,3,21,4,5,1,
20540,26,41,3,57,3,28,3,
21330,27,19,5,22,0,10,4,
22120,28,30,21,51,1,24,1,
22910,29,33,9,24,0,15,3,
23700,30,28,18,47,2,19,5,
24490,31,38,3,56,0,26,2,
25280,32,36,10,42,2,19,2,
26070,33,39,13,41,4,21,1,
26860,34,15,6,25,0,1,4,
27650,35,22,27,46,2,11,1,
28440,36,27,4,26,1,7,3,
29230,37,30,18,43,0,19,4,
790,1,29,2,21,2,9,5,
1580,2,34,10,57,0,12,6,
2370,3,14,2,36,2,2,7,
3160,4,47,14,76,0,26,5,
3950,5,7,0,24,2,2,1,
4740,6,61,10,79,4,33,4,
5530,7,25,0,32,2,10,9,
6320,8,33,0,47,2,15,6,
7110,9,37,10,52,1,14,2,
7900,10,16,10,50,3,5,3,
8690,11,35,12,55,3,14,4,
9480,12,23,1,25,3,5,8,
10270,13,37,31,79,3,24,7,
11060,14,18,2,45,2,4,6,
11850,15,12,8,27,2,1,1,
12640,16,14,20,28,2,1,2,
13430,17,18,6,39,2,5,1,
14220,18,21,12,26,4,1,5,
15010,19,5,4,27,1,15,2,
15800,20,14,30,59,3,1,5,
16590,21,20,13,35,1,1,0,
17380,22,37,11,54,0,19,2,
18170,23,32,6,38,2,2,4,
18960,24,13,13,37,1,1,0,
19750,25,6,0,20,1,5,1,
20540,26,44,14,78,2,20,2,
21330,27,19,5,32,1,2,0,
22120,28,42,14,63,3,28,3,
22910,29,42,0,19,0,9,3,
23700,30,6,5,26,0,9,4,
24490,31,21,21,56,0,11,3,
25280,32,56,14,70,3,23,3,
26070,33,12,1,13,1,1,0,
26860,34,61,6,62,2,40,4,
27650,35,18,1,33,0,8,6,
28440,36,24,1,14,1,3,2,
29230,37,50,11,69,0,33,5,
790,1,21,0,12,1,3,6,
1580,2,33,22,48,1,21,7,
2370,3,23,3,17,1,6,2,
3160,4,12,4,53,1,6,2,
3950,5,12,0,15,2,3,2,
4740,6,39,26,71,0,24,1,
5530,7,21,0,17,1,2,3,
6320,8,16,4,53,1,11,1,
7110,9,19,1,9,0,3,2,
7900,10,25,5,35,1,7,0,
8690,11,13,10,25,1,2,0,
9480,12,27,20,41,2,13,2,
10270,13,16,1,17,1,0,0,
11060,14,26,15,47,1,11,2,
11850,15,3,1,10,3,8,2,
12640,16,25,6,33,2,8,1,
13430,17,8,1,25,0,0,2,
14220,18,11,5,26,0,2,2,
15010,19,51,27,64,3,29,1,
15800,20,16,2,19,2,5,3,
16590,21,8,20,21,2,4,0,
17380,22,28,0,21,1,0,6,
18170,23,27,6,56,1,24,1,
,,,,,,,,
19750,25,56,3,56,2,29,4,
20540,26,36,0,21,2,3,1,
21330,27,12,11,46,3,9,1,
22120,28,13,0,10,0,0,0,
22910,29,48,12,49,2,25,6,
23700,30,2,0,14,3,12,1,
24490,31,23,6,53,0,7,0,
25280,32,38,4,30,1,14,1,
26070,33,27,5,44,3,16,1,
26860,34,15,6,26,1,2,4,
27650,35,46,0,38,0,19,2,
28440,36,15,11,28,2,4,1,
29230,37,26,6,35,1,18,2,
30020,38,44,7,62,1,21,10,
790,1,22,1,10,4,1,0,
1580,2,25,3,44,4,22,2,
2370,3,28,6,34,2,6,3,
3160,4,13,1,16,2,4,3,
3950,5,41,7,66,0,22,6,
4740,6,24,0,33,5,2,0,
5530,7,67,5,55,4,43,1,
6320,8,17,7,13,0,3,1,
7110,9,14,2,45,0,4,2,
7900,10,24,2,25,3,9,3,
8690,11,43,15,63,7,24,0,
9480,12,12,0,15,1,11,4,
10270,13,30,13,22,3,8,6,
11060,14,20,10,42,1,9,3,
11850,15,31,3,27,2,6,5,
12640,16,32,2,49,2,18,1,
13430,17,26,5,42,5,10,3,
14220,18,47,7,38,1,16,6,
15010,19,28,12,41,0,13,6,
15800,20,58,13,78,2,40,1,
16590,21,10,12,37,2,8,2,
17380,22,60,13,63,6,44,0,
18170,23,16,1,31,1,1,5,
18960,24,3,0,11,2,17,1,
19750,25,26,4,43,1,15,2,
20540,26,12,12,48,1,5,0,
21330,27,13,0,1,0,7,2,
22120,28,1,8,38,0,6,6,
22910,29,50,14,77,3,45,5,
23700,30,46,17,49,2,25,0,
24490,31,13,3,39,4,12,2,
,,,,,,,,
26070,33,63,9,71,2,46,0,
26860,34,11,2,9,0,3,0,
27650,35,29,2,24,3,16,1,
28440,36,46,8,51,2,39,0,
29230,37,17,1,16,1,7,1,
790,1,4,3,25,2,1,0,
1580,2,5,4,25,1,2,1,
2370,3,14,17,14,0,0,5,
3160,4,2,5,4,0,13,2,
3950,5,2,11,13,2,1,1,
4740,6,10,7,29,2,2,0,
5530,7,11,10,12,1,0,2,
6320,8,10,9,9,1,4,3,
7110,9,0,2,14,2,4,4,
7900,10,15,13,37,0,13,2,
8690,11,22,17,9,2,0,2,
9480,12,3,8,5,1,3,2,
,,,,,,,,
11060,14,42,18,69,1,18,4,
11850,15,3,13,13,0,0,0,
12640,16,14,7,24,3,13,3,
13430,17,3,6,5,0,10,3,
14220,18,9,4,18,0,2,1,
15010,19,15,15,28,0,6,0,
15800,20,30,19,38,1,12,0,
16590,21,10,5,11,0,4,0,
17380,22,3,10,13,0,7,0,
,,,,,,,,
18960,24,10,7,16,1,3,2,
19750,25,19,11,22,0,5,0,
20540,26,0,13,9,0,3,0,
,,,,,,,,
22120,28,32,11,41,3,6,2,
22910,29,6,11,18,0,0,1,
23700,30,14,11,11,1,5,1,
24490,31,6,3,18,2,6,2,
25280,32,22,8,17,0,11,2,
26070,33,31,15,45,0,11,1,
,,,,,,,,
27650,35,33,16,34,4,2,3,
28440,36,3,10,9,1,0,0,
29230,37,22,10,24,0,9,2,
30020,38,24,15,16,1,5,4,
790,1,16,7,21,2,12,2,
1580,2,7,3,9,1,1,1,
2370,3,3,1,6,2,2,1,
3160,4,10,5,19,2,1,1,
3950,5,12,3,9,1,1,4,
4740,6,9,3,15,2,5,1,
5530,7,23,9,21,1,14,3,
6320,8,11,9,12,1,2,2,
7110,9,27,15,22,1,12,3,
,,,,,,,,
,,,,,,,,
9480,12,25,10,38,5,8,9,
10270,13,33,13,35,3,15,7,
11060,14,23,1,17,2,11,1,
,,,,,,,,
,,,,,,,,
13430,17,22,15,43,0,1,7,
,,,,,,,,
15010,19,28,2,19,4,14,3,
,,,,,,,,
,,,,,,,,
,,,,,,,,
18170,23,71,5,44,2,31,9,
18960,24,24,24,28,3,9,4,
19750,25,13,5,18,0,4,3,
20540,26,16,10,38,1,14,5,
21330,27,34,3,21,1,14,8,
22120,28,16,13,44,1,4,7,
22910,29,14,6,18,0,7,1,
23700,30,15,3,24,2,5,3,
24490,31,19,5,22,1,3,3,
25280,32,11,3,16,0,5,1,
26070,33,22,17,36,0,7,7,
26860,34,26,9,35,1,13,5,
27650,35,15,18,22,2,0,4,
28440,36,15,13,24,1,4,5,
29230,37,6,5,27,3,0,2,
790,1,11,27,51,2,2,2,
1580,2,25,3,29,0,5,3,
2370,3,36,17,43,2,15,4,
3160,4,4,9,26,1,3,3,
3950,5,27,13,46,2,13,4,
4740,6,29,13,22,2,6,3,
,,,,,,,,
6320,8,37,23,54,3,11,7,
7110,9,15,16,33,2,5,1,
,,,,,,,,
8690,11,31,24,62,3,4,6,
9480,12,37,15,49,1,30,4,
10270,13,60,18,67,3,39,4,
11060,14,13,6,10,0,5,4,
11850,15,18,7,26,2,2,5,
12640,16,23,25,55,1,13,1,
13430,17,30,19,36,2,8,3,
,,,,,,,,
15010,19,34,24,52,4,23,8,
15800,20,28,13,23,1,18,1,
16590,21,37,8,27,0,16,4,
,,,,,,,,
18170,23,17,28,44,3,7,4,
18960,24,28,17,39,4,17,2,
19750,25,7,4,2,3,1,2,
20540,26,26,21,38,2,15,2,
21330,27,4,8,7,2,1,0,
,,,,,,,,
22910,29,50,32,47,3,23,5,
23700,30,27,7,22,2,16,0,
24490,31,18,20,37,2,14,2,
25280,32,8,3,3,4,2,1,
26070,33,8,9,9,1,4,1,
790,1,17,6,26,2,2,4,
1580,2,10,9,34,1,2,2,
2370,3,11,13,23,4,3,3,
3160,4,30,33,64,2,18,2,
3950,5,12,12,25,1,0,3,
4740,6,23,33,43,1,9,4,
5530,7,4,10,18,3,4,1,
6320,8,21,30,34,1,12,5,
7110,9,20,11,12,1,2,12,
7900,10,22,23,40,1,10,3,
8690,11,25,14,30,1,9,7,
9480,12,21,18,35,1,12,9,
10270,13,20,5,42,3,4,2,
11060,14,10,24,22,1,2,7,
,,,,,,,,
12640,16,25,21,54,1,3,7,
13430,17,15,15,39,0,5,3,
14220,18,11,13,39,0,3,2,
15010,19,7,8,35,1,4,9,
15800,20,40,17,64,1,36,3,
16590,21,13,4,20,0,1,2,
17380,22,35,23,45,0,20,3,
18170,23,20,8,17,2,4,5,
18960,24,2,4,17,1,9,0,
19750,25,38,13,46,1,23,8,
20540,26,26,34,53,1,13,2,
21330,27,1,12,19,1,11,6,
22120,28,41,8,34,0,15,4,
22910,29,1,10,15,0,7,4,
23700,30,19,1,38,1,7,4,
24490,31,26,12,18,1,4,3,
25280,32,33,20,52,1,20,0,
26070,33,6,8,10,0,5,7,
26860,34,18,4,4,0,3,3,
27650,35,3,12,30,0,5,4,
28440,36,6,5,32,2,0,3,
29230,37,27,9,45,3,12,0,
,,,,,,,,
1580,2,18,17,51,6,10,3,
2370,3,26,11,36,0,3,1,
3160,4,27,23,46,1,21,5,
3950,5,13,3,18,4,7,3,
4740,6,46,28,83,2,35,2,
5530,7,14,5,33,4,9,2,
6320,8,23,9,31,1,10,5,
7110,9,22,8,7,0,2,2,
7900,10,29,13,63,2,18,0,
8690,11,14,6,26,3,5,2,
9480,12,24,11,46,1,7,1,
10270,13,26,9,34,4,18,4,
11060,14,25,8,69,5,22,1,
11850,15,29,11,14,1,8,2,
12640,16,17,13,61,2,15,2,
13430,17,13,5,20,2,6,6,
14220,18,35,11,42,3,16,0,
15010,19,24,13,24,2,2,1,
15800,20,7,16,34,6,4,2,
16590,21,32,21,41,3,13,3,
17380,22,33,16,44,3,11,2,
18170,23,22,21,27,2,7,4,
18960,24,21,1,31,4,16,4,
19750,25,27,15,42,3,3,4,
20540,26,10,11,33,2,1,2,
21330,27,6,12,39,1,3,5,
22120,28,34,11,34,4,17,5,
22910,29,35,14,52,3,18,2,
23700,30,9,6,23,4,3,4,
24490,31,37,5,52,2,17,3,
25280,32,20,15,21,1,6,3,
26070,33,29,8,37,2,19,7,
26860,34,30,15,29,3,7,3,
27650,35,32,9,40,3,16,5,
28440,36,15,9,41,0,1,4,
29230,37,34,19,44,3,13,3,
30020,38,12,10,24,3,1,5,
790,1,17,12,30,1,4,1,
1580,2,58,13,58,1,36,3,
2370,3,22,17,16,1,1,4,
3160,4,10,15,10,3,6,5,
3950,5,48,19,71,6,30,4,
4740,6,31,22,49,1,15,1,
5530,7,26,15,23,3,8,6,
6320,8,39,12,21,1,12,3,
7110,9,25,6,37,1,2,8,
7900,10,5,4,28,1,3,3,
8690,11,83,24,81,1,49,3,
,,,,,,,,
10270,13,43,34,56,3,23,5,
11060,14,48,16,64,2,27,7,
11850,15,37,3,60,4,22,5,
12640,16,45,20,53,2,27,7,
13430,17,38,13,54,6,12,4,
14220,18,24,11,20,0,5,8,
,,,,,,,,
15800,20,35,17,82,3,26,11,
16590,21,25,16,27,7,2,3,
17380,22,77,23,80,3,57,1,
18170,23,26,14,30,4,6,11,
18960,24,4,16,22,13,7,2,
19750,25,40,17,55,6,26,9,
20540,26,44,15,75,3,30,4,
21330,27,10,27,30,3,1,1,
22120,28,41,29,43,7,21,8,
22910,29,17,14,46,1,8,9,
23700,30,38,18,54,3,27,5,
24490,31,75,22,83,5,52,3,
25280,32,17,16,42,4,3,0,
26070,33,27,13,42,3,14,7,
26860,34,24,8,18,2,1,5,
27650,35,39,19,58,4,20,8,
28440,36,21,12,34,1,7,4,
29230,37,69,26,80,2,49,1,
,,,,,,,,
1580,2,25,23,20,1,4,6,
2370,3,9,27,23,3,3,10,
3160,4,13,10,12,3,1,2,
,,,,,,,,
4740,6,17,22,29,3,0,6,
5530,7,3,9,16,0,4,4,
6320,8,22,4,11,2,25,1,
7110,9,10,7,16,2,1,0,
7900,10,16,17,21,3,13,3,
8690,11,9,10,9,0,12,5,
9480,12,1,5,9,1,5,2,
10270,13,12,20,26,1,2,0,
11060,14,13,28,19,0,1,2,
11850,15,10,17,9,1,3,2,
12640,16,7,16,16,2,0,5,
13430,17,20,31,26,1,11,9,
14220,18,16,12,10,0,3,0,
15010,19,18,17,11,1,0,3,
15800,20,14,24,19,3,3,3,
16590,21,0,8,14,1,11,1,
17380,22,7,8,5,1,2,1,
18170,23,10,22,25,0,2,1,
18960,24,5,4,4,1,5,0,
19750,25,24,12,36,4,16,2,
20540,26,18,10,4,1,2,2,
21330,27,18,10,5,0,3,5,
22120,28,21,17,25,0,0,4,
22910,29,14,12,14,2,3,2,
23700,30,29,16,29,0,17,2,
24490,31,11,15,9,2,2,6,
25280,32,15,23,18,2,3,0,
26070,33,20,26,37,2,8,3,
26860,34,28,20,16,1,12,3,
27650,35,16,12,13,1,2,6,
28440,36,6,5,10,1,3,2,
29230,37,39,25,32,5,23,2,
30020,38,13,0,8,3,3,3,
790,1,22,23,30,0,13,4,
1580,2,10,10,23,1,3,8,
2370,3,15,12,15,1,1,9,
3160,4,13,4,21,2,10,8,
3950,5,25,5,28,3,11,7,
4740,6,23,23,24,0,7,7,
5530,7,25,8,25,1,12,3,
6320,8,29,7,29,0,15,3,
7110,9,15,11,17,1,10,2,
7900,10,27,19,27,1,10,5,
,,,,,,,,
9480,12,41,25,46,2,17,8,
,,,,,,,,
,,,,,,,,
11850,15,36,11,43,9,16,2,
12640,16,14,5,12,2,1,2,
13430,17,17,4,30,4,10,1,
14220,18,18,4,12,1,7,5,
15010,19,24,9,27,1,12,6,
15800,20,1,4,6,3,5,4,
16590,21,33,8,33,1,18,8,
17380,22,12,8,18,2,5,5,
18170,23,33,12,34,1,25,1,
18960,24,17,7,19,7,5,4,
19750,25,20,9,27,0,17,1,
20540,26,27,19,25,0,16,4,
21330,27,23,18,23,3,5,3,
22120,28,15,11,20,0,9,5,
22910,29,25,7,35,2,9,4,
23700,30,28,18,33,1,19,2,
24490,31,12,8,12,2,5,5,
25280,32,28,31,38,5,11,10,
26070,33,20,8,10,2,2,6,
,,,,,,,,
27650,35,41,21,55,3,24,7,
28440,36,34,16,46,3,28,5,
29230,37,24,12,22,1,8,7,
30020,38,5,13,19,3,3,1,
790,1,17,19,30,4,8,1,
1580,2,15,20,26,5,5,3,
2370,3,14,9,24,1,1,3,
3160,4,32,30,44,1,24,3,
3950,5,16,16,29,5,5,4,
4740,6,22,23,29,5,9,5,
5530,7,7,22,19,4,3,2,
6320,8,23,20,42,5,13,6,
7110,9,11,6,16,5,2,3,
7900,10,19,23,53,5,12,5,
8690,11,9,18,33,3,0,6,
9480,12,19,16,33,3,9,5,
10270,13,6,11,14,2,6,2,
11060,14,3,14,31,5,2,2,
11850,15,15,23,34,3,1,7,
12640,16,36,20,52,3,22,3,
13430,17,13,7,25,7,4,4,
,,,,,,,,
15010,19,59,25,75,4,23,15,
15800,20,21,9,17,5,3,4,
,,,,,,,,
17380,22,35,16,62,9,17,9,
18170,23,52,21,60,2,30,6,
18960,24,16,10,19,1,5,6,
19750,25,32,22,46,3,14,11,
20540,26,15,25,24,2,5,5,
21330,27,1,11,40,2,5,1,
22120,28,16,18,44,8,8,5,
22910,29,22,21,28,2,10,3,
23700,30,23,14,50,6,15,4,
24490,31,3,4,16,3,13,5,
25280,32,25,17,33,3,9,12,
26070,33,9,16,14,4,0,1,
26860,34,20,22,43,6,12,4,
27650,35,15,12,30,0,3,4,
28440,36,27,20,52,4,20,4,
29230,37,45,20,50,1,19,9,
790,1,24,20,33,1,10,9,
1580,2,8,17,38,3,2,3,
2370,3,46,26,47,0,26,13,
3160,4,6,26,38,0,17,5,
3950,5,13,9,20,0,1,10,
4740,6,44,16,56,2,24,9,
5530,7,34,25,72,0,27,3,
6320,8,23,14,58,1,8,6,
7110,9,16,6,18,1,1,10,
7900,10,22,11,28,3,2,8,
8690,11,35,26,46,0,15,5,
9480,12,29,17,47,3,16,7,
10270,13,15,10,26,0,1,5,
11060,14,28,20,50,1,23,3,
11850,15,42,28,63,0,28,9,
12640,16,31,20,25,1,3,10,
13430,17,13,11,30,3,2,7,
14220,18,18,23,35,0,5,4,
15010,19,29,24,43,1,8,3,
15800,20,22,12,28,0,5,6,
16590,21,14,13,47,0,9,3,
17380,22,34,16,57,1,23,6,
,,,,,,,,
18960,24,68,35,85,3,39,5,
19750,25,19,15,33,1,4,6,
20540,26,11,3,13,3,6,3,
21330,27,48,39,62,0,31,16,
22120,28,25,25,35,0,7,2,
22910,29,22,27,48,2,5,5,
23700,30,25,23,38,3,13,3,
24490,31,24,15,35,1,7,11,
25280,32,29,6,36,0,13,8,
26070,33,35,27,51,1,20,4,
26860,34,4,9,31,1,5,2,
27650,35,28,7,36,1,13,5,
28440,36,26,16,35,0,14,9,
29230,37,28,12,46,0,11,7,
790,1,9,6,23,2,3,4,
1580,2,38,12,42,5,27,5,
2370,3,23,15,27,1,3,5,
3160,4,12,22,33,3,6,1,
3950,5,18,16,27,2,10,1,
4740,6,8,16,17,3,6,1,
5530,7,40,11,27,2,14,7,
6320,8,33,25,42,1,24,5,
7110,9,22,10,36,5,3,3,
7900,10,45,18,44,0,30,3,
8690,11,19,6,42,0,12,3,
9480,12,35,11,33,2,18,3,
10270,13,15,17,23,3,6,4,
11060,14,29,13,45,5,17,8,
11850,15,8,7,19,2,1,2,
12640,16,42,9,44,0,28,5,
13430,17,27,22,42,2,19,3,
,,,,,,,,
,,,,,,,,
15800,20,54,52,89,5,22,16,
,,,,,,,,
17380,22,44,35,64,4,21,8,
18170,23,16,15,36,5,5,5,
18960,24,26,12,32,3,15,5,
19750,25,27,19,37,1,12,4,
20540,26,20,5,35,2,9,7,
21330,27,2,13,15,1,5,4,
22120,28,21,21,22,4,4,8,
22910,29,36,32,44,4,27,1,
23700,30,4,21,18,3,6,11,
24490,31,35,23,47,4,22,2,
25280,32,12,8,16,0,1,5,
26070,33,21,22,35,2,1,5,
26860,34,10,5,13,6,5,8,
27650,35,25,14,35,4,5,6,
28440,36,17,10,35,4,2,4,
29230,37,10,18,36,3,1,4,
790,1,35,26,35,5,11,18,
1580,2,46,25,56,4,24,12,
2370,3,74,39,100,7,60,1,
3160,4,33,25,28,3,1,14,
3950,5,33,7,19,2,4,17,
4740,6,22,45,54,5,3,14,
5530,7,51,25,53,3,21,16,
6320,8,69,22,79,8,47,2,
7110,9,33,24,32,5,13,11,
7900,10,36,19,28,4,8,13,
8690,11,24,27,58,4,10,12,
9480,12,29,15,56,5,4,12,
10270,13,61,31,84,6,43,4,
11060,14,44,6,43,3,33,13,
11850,15,32,56,27,2,1,14,
12640,16,49,30,47,3,20,20,
13430,17,54,19,58,0,28,10,
14220,18,35,44,77,7,14,6,
15010,19,71,17,75,4,44,12,
15800,20,12,18,21,1,8,10,
,,,,,,,,
17380,22,19,26,65,16,9,22,
18170,23,64,44,87,1,36,4,
18960,24,28,15,39,3,2,4,
19750,25,27,8,26,11,4,10,
20540,26,24,24,24,2,2,15,
21330,27,76,79,111,1,64,30,
22120,28,46,36,80,3,36,0,
22910,29,20,4,39,5,9,10,
23700,30,30,17,16,2,5,13,
24490,31,61,42,70,2,42,17,
25280,32,54,33,98,7,44,1,
26070,33,54,15,52,3,29,15,
26860,34,24,21,31,1,8,10,
27650,35,64,36,93,5,57,7,
28440,36,37,8,22,1,1,5,
29230,37,70,32,68,2,43,5,
30020,38,28,22,43,4,15,9,
790,1,2,9,5,0,10,0,
1580,2,3,6,29,2,2,3,
,,,,,,,,
3160,4,31,43,54,6,10,1,
3950,5,12,11,12,1,3,2,
4740,6,7,13,15,2,4,7,
5530,7,31,14,41,0,22,4,
6320,8,13,9,18,0,6,0,
7110,9,23,20,17,1,10,1,
7900,10,1,6,20,1,1,1,
8690,11,8,0,16,1,5,5,
9480,12,24,22,30,1,8,0,
10270,13,16,28,0,0,5,3,
11060,14,25,14,49,2,14,4,
11850,15,4,13,17,0,6,1,
12640,16,31,11,33,1,13,1,
13430,17,11,13,15,2,2,4,
14220,18,5,12,17,3,6,2,
15010,19,8,12,25,2,6,6,
15800,20,23,23,27,5,6,0,
,,,,,,,,
17380,22,33,31,42,2,4,6,
18170,23,14,6,10,0,0,5,
,,,,,,,,
19750,25,8,25,29,3,5,3,
20540,26,11,14,23,3,2,7,
,,,,,,,,
22120,28,50,55,41,2,9,2,
22910,29,36,28,38,1,22,6,
23700,30,21,33,27,2,6,0,
24490,31,15,12,8,2,2,5,
25280,32,1,9,2,1,8,5,
,,,,,,,,
26860,34,7,14,66,6,4,9,
,,,,,,,,
28440,36,65,33,24,2,5,5,
29230,37,42,30,52,2,22,4,
790,1,12,19,18,2,0,7,
1580,2,36,23,39,1,16,8,
2370,3,14,10,19,4,4,6,
3160,4,39,21,48,1,33,5,
3950,5,25,22,35,5,16,2,
4740,6,32,32,32,1,12,24,
5530,7,21,15,31,2,3,7,
6320,8,25,7,37,5,16,9,
7110,9,16,12,33,3,7,4,
7900,10,34,9,36,3,19,10,
8690,11,21,22,44,7,9,6,
9480,12,26,6,24,3,11,4,
10270,13,17,31,34,3,3,2,
11060,14,29,14,38,0,13,4,
11850,15,42,21,41,3,16,12,
12640,16,17,17,22,3,8,6,
13430,17,57,11,49,3,31,5,
14220,18,0,11,23,3,12,7,
15010,19,27,24,29,7,12,3,
15800,20,18,9,24,6,6,3,
16590,21,23,14,24,3,3,3,
17380,22,10,20,32,6,6,4,
18170,23,46,24,46,3,25,6,
18960,24,33,26,32,2,11,9,
19750,25,23,17,38,0,4,1,
20540,26,19,13,36,5,6,6,
21330,27,6,41,25,6,4,4,
22120,28,35,22,37,9,17,5,
22910,29,31,10,34,0,11,5,
23700,30,22,29,48,0,4,5,
24490,31,20,15,25,8,3,6,
25280,32,26,35,35,6,6,7,
26070,33,12,11,29,0,1,6,
26860,34,63,15,48,3,33,6,
27650,35,4,15,27,5,12,7,
28440,36,48,18,55,5,26,8,
29230,37,14,5,28,8,7,9,
30020,38,33,20,43,1,13,2,
790,1,20,26,45,5,10,3,
1580,2,21,10,31,5,4,6,
2370,3,13,19,31,6,0,4,
3160,4,1,3,17,2,9,4,
3950,5,54,42,71,3,36,6,
4740,6,33,20,44,5,15,11,
5530,7,24,22,45,4,6,6,
6320,8,28,7,31,3,9,15,
7110,9,23,2,56,5,9,3,
7900,10,27,19,43,0,17,5,
8690,11,58,17,67,4,40,2,
9480,12,15,14,17,0,6,7,
10270,13,41,5,68,5,32,10,
11060,14,20,12,30,5,2,8,
11850,15,28,18,53,5,17,7,
12640,16,5,19,23,1,15,8,
13430,17,48,17,58,3,36,8,
14220,18,14,2,33,1,2,5,
15010,19,3,12,27,6,8,6,
15800,20,2,11,20,2,10,3,
16590,21,43,19,76,1,31,9,
17380,22,49,28,70,1,27,9,
18170,23,31,27,38,1,6,2,
18960,24,29,27,28,0,13,6,
19750,25,18,11,22,2,2,3,
20540,26,18,8,30,1,4,1,
21330,27,41,27,68,4,33,6,
22120,28,27,20,49,4,13,0,
22910,29,54,34,51,2,31,13,
23700,30,23,22,25,1,7,8,
24490,31,9,18,40,2,9,11,
25280,32,12,7,35,3,2,2,
26070,33,54,29,55,1,37,5,
26860,34,23,15,35,0,12,3,
27650,35,38,22,45,0,24,5,
28440,36,18,24,10,0,2,6,
29230,37,13,8,41,5,6,4,
790,1,29,30,33,3,13,6,
1580,2,17,25,50,2,2,6,
2370,3,42,22,43,3,25,4,
3160,4,18,19,38,4,8,1,
3950,5,39,13,37,2,24,8,
4740,6,18,7,18,2,4,7,
5530,7,16,16,35,1,1,5,
,,,,,,,,
7110,9,35,31,69,2,8,12,
7900,10,32,19,24,1,5,2,
8690,11,23,9,42,1,12,4,
9480,12,13,32,42,2,6,3,
10270,13,19,24,44,3,1,6,
11060,14,12,8,37,3,5,0,
11850,15,43,16,50,4,26,4,
12640,16,39,17,38,3,17,4,
13430,17,17,12,24,0,1,3,
14220,18,21,7,29,6,5,2,
15010,19,14,17,18,2,2,7,
15800,20,38,25,57,4,10,6,
16590,21,16,8,20,2,0,10,
17380,22,11,19,49,4,6,2,
18170,23,28,3,40,2,16,10,
18960,24,21,26,37,1,5,5,
19750,25,29,7,37,2,3,4,
20540,26,39,20,34,1,11,7,
,,,,,,,,
22120,28,44,42,82,1,11,10,
22910,29,13,27,40,5,7,5,
23700,30,23,7,32,2,12,3,
24490,31,1,6,25,2,4,6,
25280,32,19,23,32,3,8,6,
26070,33,16,6,18,2,2,6,
26860,34,21,10,40,3,4,7,
27650,35,40,51,46,2,21,8,
28440,36,18,15,29,1,5,6,
790,1,50,41,88,3,36,3,
1580,2,4,21,22,1,11,10,
2370,3,61,38,61,2,35,1,
3160,4,110,31,84,3,60,11,
3950,5,22,10,22,4,7,4,
4740,6,20,4,39,4,5,12,
5530,7,76,28,74,9,51,13,
6320,8,60,28,61,4,34,4,
7110,9,48,29,44,2,24,13,
7900,10,43,44,52,2,31,16,
8690,11,56,29,72,5,33,19,
9480,12,36,6,35,4,10,14,
10270,13,64,38,87,5,47,1,
11060,14,53,24,40,5,15,9,
11850,15,43,31,37,4,16,13,
12640,16,45,27,63,3,30,12,
13430,17,56,32,73,3,35,17,
14220,18,22,7,35,2,0,4,
15010,19,45,36,48,3,25,16,
15800,20,43,28,34,4,10,15,
16590,21,25,13,32,4,4,15,
17380,22,76,43,100,10,58,8,
18170,23,49,28,66,0,24,6,
18960,24,16,18,23,5,6,10,
19750,25,35,19,25,3,1,8,
20540,26,45,27,79,2,27,14,
21330,27,21,13,35,8,5,18,
22120,28,65,19,87,2,45,3,
22910,29,36,30,56,0,6,12,
23700,30,20,20,42,1,1,10,
24490,31,14,15,33,5,0,9,
25280,32,73,46,93,7,50,9,
26070,33,54,35,65,4,33,5,
26860,34,12,26,36,1,1,9,
27650,35,35,40,52,0,16,8,
28440,36,63,22,76,2,42,8,
29230,37,68,18,82,0,55,10,
790,1,11,19,30,0,2,0,
1580,2,2,5,1,0,2,3,
2370,3,15,21,29,2,0,3,
3160,4,4,32,32,3,12,3,
3950,5,17,21,21,3,8,2,
4740,6,9,13,11,1,1,3,
5530,7,11,25,32,1,4,4,
,,,,,,,,
7110,9,32,25,40,5,11,7,
7900,10,14,21,19,0,9,1,
,,,,,,,,
9480,12,9,24,37,6,6,6,
10270,13,21,7,9,1,6,0,
11060,14,14,18,21,0,1,4,
11850,15,7,8,4,0,9,2,
12640,16,8,13,26,3,2,5,
13430,17,22,26,37,0,10,4,
14220,18,21,14,27,1,11,1,
15010,19,9,14,11,1,6,2,
15800,20,19,20,22,2,8,6,
16590,21,20,28,21,2,6,5,
17380,22,13,7,15,4,3,4,
18170,23,8,12,20,5,8,1,
18960,24,18,16,34,1,9,7,
19750,25,31,23,20,5,7,10,
20540,26,28,24,36,2,4,5,
21330,27,20,12,12,1,4,7,
22120,28,7,14,22,1,4,5,
22910,29,6,11,16,2,1,6,
23700,30,29,19,26,4,12,6,
24490,31,43,51,52,1,29,7,
25280,32,21,29,21,4,5,2,
26070,33,22,16,37,0,21,5,
26860,34,21,5,19,2,5,5,
27650,35,28,13,14,1,8,1,
28440,36,16,12,9,1,3,6,
29230,37,36,28,61,3,23,3,
790,1,39,10,52,3,25,4,
1580,2,7,8,9,4,4,3,
2370,3,23,7,27,0,7,9,
3160,4,23,8,18,3,9,7,
3950,5,26,28,51,2,22,6,
4740,6,25,3,23,11,14,3,
5530,7,26,12,32,2,20,5,
,,,,,,,,
7110,9,40,30,60,6,26,11,
7900,10,24,15,18,5,8,3,
8690,11,37,11,26,1,18,5,
9480,12,21,12,28,4,14,3,
10270,13,43,9,30,1,28,3,
11060,14,39,11,46,2,24,10,
11850,15,10,5,17,4,1,1,
12640,16,31,27,32,4,15,6,
,,,,,,,,
14220,18,57,20,38,12,18,12,
15010,19,21,16,21,0,9,6,
15800,20,21,6,32,4,12,6,
16590,21,20,20,29,5,19,2,
17380,22,28,10,29,0,15,7,
18170,23,27,12,29,3,15,6,
18960,24,13,18,28,5,5,7,
19750,25,26,16,31,4,8,13,
20540,26,15,17,21,3,4,2,
21330,27,27,11,30,3,12,5,
22120,28,26,19,28,2,16,7,
22910,29,18,19,33,4,12,3,
23700,30,21,11,23,1,10,4,
24490,31,29,14,34,1,20,2,
25280,32,29,5,30,8,13,5,
26070,33,18,17,43,2,7,6,
26860,34,19,8,13,1,9,2,
27650,35,24,19,34,3,9,6,
28440,36,41,15,34,1,17,8,
29230,37,16,22,18,2,1,5,
30020,38,36,20,46,1,24,4,
790,1,10,14,17,6,4,7,
1580,2,28,15,44,7,16,2,
2370,3,21,22,25,3,3,6,
3160,4,24,15,42,3,20,5,
3950,5,4,8,19,3,13,4,
4740,6,30,14,45,2,18,5,
5530,7,26,8,27,1,6,8,
6320,8,31,19,43,3,21,5,
7110,9,39,19,50,2,25,8,
7900,10,36,11,34,1,8,8,
8690,11,28,8,21,2,6,7,
9480,12,11,15,18,4,0,6,
10270,13,23,19,32,6,9,5,
11060,14,21,17,28,7,11,6,
11850,15,18,14,40,5,9,7,
12640,16,9,6,14,3,2,10,
13430,17,33,20,45,1,18,7,
14220,18,16,9,22,6,8,9,
,,,,,,,,
15800,20,47,35,63,4,20,11,
,,,,,,,,
17380,22,86,46,81,9,46,12,
,,,,,,,,
18960,24,46,44,69,5,24,13,
19750,25,33,30,53,3,23,0,
20540,26,4,9,29,12,5,8,
21330,27,24,19,31,6,4,15,
22120,28,11,20,34,5,4,4,
22910,29,23,9,37,6,6,7,
23700,30,23,17,52,3,11,2,
24490,31,17,14,33,5,3,7,
25280,32,14,17,21,4,0,7,
26070,33,31,37,53,3,24,5,
26860,34,28,36,56,1,13,5,
27650,35,33,23,37,6,17,2,
28440,36,32,16,57,2,26,2,
29230,37,9,14,17,3,6,2,
790,1,21,32,30,4,5,10,
1580,2,29,42,62,0,17,11,
2370,3,28,12,33,10,6,9,
3160,4,19,11,50,4,5,5,
3950,5,31,16,62,5,12,7,
,,,,,,,,
5530,7,70,43,110,8,32,9,
6320,8,26,13,46,0,6,4,
7110,9,32,7,45,3,15,6,
7900,10,41,37,65,3,22,3,
8690,11,19,6,31,2,2,7,
9480,12,55,30,68,3,29,10,
10270,13,14,12,38,3,2,4,
11060,14,37,17,43,0,21,9,
,,,,,,,,
12640,16,30,23,44,4,3,14,
13430,17,24,28,41,2,4,9,
14220,18,19,21,38,1,6,4,
15010,19,19,10,32,3,7,8,
15800,20,35,43,58,6,24,7,
16590,21,32,8,51,2,11,9,
17380,22,59,22,86,0,47,2,
18170,23,18,13,34,1,2,7,
18960,24,26,20,19,4,2,12,
19750,25,42,33,68,4,28,13,
20540,26,43,20,69,3,26,7,
21330,27,25,11,32,3,6,3,
22120,28,20,19,46,6,9,10,
22910,29,35,11,53,5,13,11,
23700,30,19,11,8,1,9,12,
24490,31,36,19,53,3,26,6,
25280,32,31,10,26,1,7,7,
26070,33,81,32,97,0,61,3,
26860,34,8,12,26,6,23,5,
27650,35,26,16,21,0,4,8,
28440,36,30,24,42,2,12,8,
29230,37,27,17,31,2,10,4,
790,1,61,26,55,4,35,6,
1580,2,39,24,38,1,16,6,
2370,3,40,10,51,2,19,5,
3160,4,23,13,40,3,3,6,
3950,5,50,30,60,6,24,3,
4740,6,24,6,26,0,3,8,
5530,7,46,37,67,3,34,5,
6320,8,40,28,34,2,9,14,
7110,9,45,23,50,5,27,8,
7900,10,37,15,54,4,21,5,
8690,11,26,11,29,1,7,6,
9480,12,25,20,47,3,13,5,
10270,13,33,21,50,2,19,9,
11060,14,22,13,25,2,2,3,
11850,15,46,26,63,8,27,8,
12640,16,29,20,55,2,26,2,
13430,17,32,28,37,1,9,11,
14220,18,42,22,49,4,10,9,
15010,19,45,13,34,2,18,6,
15800,20,8,29,48,2,12,3,
16590,21,5,16,38,1,14,2,
17380,22,24,16,43,1,9,3,
18170,23,24,13,28,4,14,8,
18960,24,29,26,49,2,13,4,
19750,25,28,27,38,5,16,8,
,,,,,,,,
21330,27,57,39,82,1,27,9,
22120,28,5,18,27,2,4,7,
22910,29,11,7,34,0,2,6,
23700,30,22,16,32,3,6,3,
24490,31,21,11,30,3,10,5,
25280,32,24,11,40,0,15,3,
26070,33,25,19,33,3,8,6,
26860,34,34,24,38,0,24,2,
27650,35,19,16,33,3,8,3,
28440,36,35,32,36,0,17,10,
790,1,47,35,55,0,32,11,
1580,2,14,4,15,0,2,6,
2370,3,4,15,19,4,8,8,
3160,4,35,24,57,2,22,7,
3950,5,42,42,63,1,22,6,
4740,6,36,28,33,3,13,7,
5530,7,43,48,67,1,15,16,
6320,8,34,18,23,6,9,6,
7110,9,60,69,82,2,48,2,
7900,10,21,23,20,3,7,13,
8690,11,36,38,64,2,15,13,
9480,12,64,12,90,3,48,1,
10270,13,49,27,44,4,17,19,
11060,14,43,11,26,1,13,6,
11850,15,40,23,90,6,24,12,
12640,16,56,43,70,1,32,3,
13430,17,47,28,44,3,15,8,
14220,18,5,28,69,4,3,10,
15010,19,30,12,37,2,1,3,
15800,20,63,29,72,7,50,13,
16590,21,41,22,41,2,5,13,
17380,22,23,28,38,1,4,9,
18170,23,62,10,80,8,37,15,
18960,24,38,15,36,8,4,2,
19750,25,51,24,56,1,31,20,
,,,,,,,,
21330,27,64,41,98,1,33,23,
22120,28,55,33,85,4,34,6,
22910,29,63,22,59,6,34,0,
23700,30,37,26,38,5,11,12,
24490,31,16,26,33,1,6,12,
25280,32,48,42,97,4,36,9,
26070,33,15,21,50,5,7,9,
26860,34,51,10,44,1,29,7,
27650,35,67,30,78,2,41,22,
28440,36,38,18,54,3,14,19,
29230,37,87,16,97,6,66,2,
790,1,9,11,17,0,4,3,
1580,2,5,6,19,1,1,3,
2370,3,2,15,11,0,9,3,
3160,4,13,22,26,1,8,0,
3950,5,3,14,11,1,2,1,
4740,6,4,17,6,0,11,3,
5530,7,4,9,9,1,4,3,
6320,8,17,11,31,0,10,0,
7110,9,12,24,15,1,5,5,
,,,,,,,,
,,,,,,,,
9480,12,23,43,69,3,7,5,
10270,13,5,12,7,3,6,2,
11060,14,1,9,1,1,12,2,
11850,15,15,7,21,2,8,4,
12640,16,1,28,19,1,5,5,
13430,17,12,16,28,0,6,4,
14220,18,22,16,16,0,10,1,
15010,19,11,5,12,0,2,3,
15800,20,3,17,6,3,8,3,
16590,21,10,12,11,1,5,2,
17380,22,3,15,5,0,6,0,
18170,23,6,40,18,2,1,3,
18960,24,5,20,18,3,2,5,
19750,25,12,6,8,1,3,4,
20540,26,10,15,27,2,7,0,
21330,27,19,27,19,0,4,3,
22120,28,7,15,1,1,1,2,
22910,29,10,26,15,3,3,3,
23700,30,30,20,22,1,16,2,
24490,31,22,18,20,1,13,1,
25280,32,24,14,19,0,10,3,
26070,33,9,9,6,0,0,8,
,,,,,,,,
27650,35,30,20,42,4,5,9,
28440,36,11,1,13,2,5,2,
29230,37,12,17,19,0,1,4,
30020,38,25,22,22,0,10,1,
790,1,33,15,35,4,17,5,
,,,,,,,,
,,,,,,,,
3160,4,37,20,38,3,2,19,
3950,5,14,14,15,5,1,4,
4740,6,6,3,12,2,1,3,
5530,7,28,33,39,4,19,10,
6320,8,22,4,10,3,7,2,
7110,9,9,14,23,0,6,3,
7900,10,26,14,25,3,14,1,
8690,11,18,16,27,3,12,3,
9480,12,16,3,17,2,6,4,
10270,13,20,26,33,2,12,5,
11060,14,11,2,12,0,2,3,
11850,15,8,9,16,5,1,6,
12640,16,18,5,25,1,10,4,
13430,17,10,17,13,3,0,5,
14220,18,11,15,28,4,5,1,
15010,19,26,17,30,0,12,1,
15800,20,22,12,20,2,8,3,
16590,21,34,38,36,2,21,6,
17380,22,16,16,11,2,3,6,
18170,23,11,6,14,2,1,1,
18960,24,28,6,33,0,17,4,
19750,25,12,19,16,0,2,4,
20540,26,21,13,19,0,6,6,
21330,27,32,29,40,1,21,6,
22120,28,3,3,13,3,10,2,
22910,29,26,9,25,1,12,4,
,,,,,,,,
,,,,,,,,
,,,,,,,,
26070,33,111,53,111,7,57,16,
26860,34,7,6,20,5,0,5,
27650,35,11,13,15,2,0,2,
28440,36,19,17,11,1,0,9,
29230,37,2,14,22,4,7,3,
790,1,13,15,21,1,6,3,
1580,2,18,35,29,0,5,9,
2370,3,32,10,38,2,23,2,
3160,4,14,20,46,5,7,8,
3950,5,15,10,20,3,5,6,
4740,6,15,16,30,1,3,6,
5530,7,16,16,32,3,10,3,
6320,8,36,19,41,2,23,4,
7110,9,16,14,19,2,3,5,
,,,,,,,,
8690,11,59,30,71,5,37,3,
9480,12,23,20,55,4,15,4,
10270,13,15,11,15,2,7,8,
11060,14,29,18,37,4,15,6,
11850,15,16,8,35,13,4,2,
12640,16,17,18,27,5,7,5,
13430,17,23,9,40,2,11,8,
14220,18,25,18,34,3,15,10,
15010,19,22,9,19,4,9,2,
15800,20,26,17,35,5,12,7,
,,,,,,,,
17380,22,41,29,62,7,16,13,
18170,23,11,17,33,3,0,7,
18960,24,17,12,20,5,7,8,
19750,25,19,23,45,3,12,5,
20540,26,16,23,29,3,9,3,
21330,27,23,28,30,0,3,4,
22120,28,22,17,38,1,11,3,
22910,29,10,23,31,6,1,4,
23700,30,10,12,29,12,3,3,
24490,31,24,26,47,3,12,4,
25280,32,2,16,20,8,4,5,
26070,33,29,30,36,2,14,7,
26860,34,8,12,25,6,0,3,
27650,35,27,22,41,1,11,3,
28440,36,18,31,35,8,2,10,
29230,37,31,30,49,2,24,9,
790,1,13,16,35,2,2,3,
1580,2,37,17,46,1,24,13,
2370,3,5,5,20,2,7,0,
3160,4,11,12,37,2,4,10,
3950,5,13,11,50,5,6,5,
4740,6,7,17,25,2,2,5,
5530,7,2,12,39,1,8,3,
6320,8,13,15,19,0,1,2,
7110,9,25,11,42,1,4,14,
7900,10,4,7,15,3,7,4,
8690,11,23,16,40,1,8,10,
9480,12,6,6,29,0,9,5,
10270,13,31,22,57,4,20,11,
11060,14,35,21,47,1,16,9,
11850,15,20,15,38,2,7,4,
12640,16,37,20,57,2,31,4,
13430,17,28,16,25,3,10,5,
14220,18,37,20,46,7,20,5,
15010,19,25,26,43,3,17,8,
15800,20,40,28,58,2,18,16,
16590,21,24,20,40,2,12,4,
17380,22,1,19,23,2,11,6,
18170,23,16,8,45,0,1,5,
18960,24,16,17,36,2,7,4,
19750,25,23,13,54,3,4,4,
20540,26,14,16,19,3,2,5,
21330,27,13,21,10,1,6,11,
22120,28,13,10,33,2,4,13,
22910,29,34,12,46,2,14,6,
23700,30,10,25,44,4,5,1,
24490,31,8,11,12,1,18,7,
25280,32,31,13,23,3,12,8,
26070,33,3,2,23,2,8,7,
26860,34,43,26,60,3,23,11,
27650,35,60,13,61,3,40,1,
28440,36,67,31,62,3,39,10,
29230,37,18,26,26,0,9,4,
30020,38,19,15,20,1,1,12,
790,1,25,26,61,3,11,9,
1580,2,19,27,31,3,0,10,
2370,3,29,18,52,4,11,4,
3160,4,27,9,38,2,10,3,
3950,5,57,16,74,4,38,5,
4740,6,17,8,11,2,6,6,
5530,7,2,11,19,4,10,7,
6320,8,32,11,53,5,17,4,
7110,9,26,20,41,4,4,6,
7900,10,47,32,75,2,31,8,
8690,11,39,23,46,2,18,8,
9480,12,25,24,37,2,4,9,
10270,13,26,15,53,2,10,5,
11060,14,35,14,40,1,14,4,
11850,15,26,26,56,1,14,5,
12640,16,46,5,34,1,10,6,
13430,17,41,24,51,3,25,5,
14220,18,6,9,21,4,5,3,
15010,19,52,42,54,0,32,9,
15800,20,0,15,24,6,5,6,
16590,21,49,10,73,5,34,11,
17380,22,27,10,31,4,1,10,
18170,23,77,33,69,1,40,13,
18960,24,19,19,29,6,4,8,
19750,25,24,20,46,4,13,9,
20540,26,26,15,30,2,3,6,
21330,27,40,42,56,2,21,6,
22120,28,27,7,27,4,3,11,
22910,29,27,24,48,1,9,2,
23700,30,13,26,44,2,0,10,
24490,31,12,18,45,2,3,1,
25280,32,47,9,60,4,17,13,
26070,33,22,24,49,2,7,5,
26860,34,34,29,58,3,22,5,
27650,35,8,14,9,1,12,6,
28440,36,35,16,51,2,18,9,
29230,37,31,17,53,4,18,3,
790,1,14,26,43,2,1,9,
1580,2,38,22,58,2,27,14,
2370,3,48,43,69,2,34,14,
3160,4,43,23,32,5,15,5,
3950,5,30,27,27,2,1,4,
4740,6,41,20,31,1,18,10,
5530,7,23,27,36,0,1,10,
6320,8,63,32,67,7,36,5,
7110,9,143,52,140,5,89,2,
7900,10,31,23,13,0,1,14,
8690,11,34,16,85,4,20,0,
9480,12,27,17,22,9,1,27,
10270,13,24,21,23,1,12,19,
11060,14,46,10,80,3,24,10,
11850,15,41,27,38,4,22,8,
12640,16,59,24,74,4,34,5,
13430,17,22,21,25,0,7,9,
14220,18,25,41,57,1,6,5,
15010,19,30,11,48,3,12,12,
15800,20,54,32,89,5,49,7,
16590,21,38,29,45,7,4,18,
17380,22,14,8,16,6,3,12,
18170,23,87,34,113,3,53,0,
18960,24,15,30,23,4,9,11,
19750,25,18,19,34,7,0,12,
20540,26,29,16,77,8,9,11,
21330,27,118,36,137,7,112,5,
22120,28,33,3,35,7,10,13,
22910,29,50,11,24,4,6,19,
23700,30,43,28,60,2,24,19,
24490,31,47,19,57,0,31,11,
25280,32,30,22,62,3,18,2,
26070,33,30,16,44,3,13,4,
26860,34,24,22,19,2,5,8,
27650,35,19,8,25,0,0,14,
28440,36,69,39,96,2,54,12,
29230,37,25,27,59,4,7,8,
790,1,17,8,16,0,8,2,
1580,2,10,4,20,0,1,2,
2370,3,10,14,35,0,3,6,
3160,4,8,8,14,1,5,0,
3950,5,10,25,17,1,5,5,
4740,6,2,12,14,0,15,1,
,,,,,,,,
6320,8,2,12,39,1,12,0,
7110,9,20,21,28,1,14,4,
7900,10,7,3,5,0,8,0,
8690,11,7,18,26,3,7,2,
,,,,,,,,
10270,13,36,37,58,1,19,1,
11060,14,16,9,3,0,1,5,
11850,15,8,3,23,0,1,5,
,,,,,,,,
,,,,,,,,
14220,18,35,25,68,6,14,7,
15010,19,2,7,7,2,5,2,
15800,20,23,15,32,1,15,7,
16590,21,15,13,17,1,5,2,
,,,,,,,,
18170,23,2,6,30,4,3,2,
18960,24,7,12,6,2,1,3,
19750,25,21,8,11,0,2,2,
20540,26,6,20,19,1,4,6,
21330,27,19,6,6,2,1,2,
22120,28,7,6,30,0,0,5,
22910,29,9,7,9,2,4,3,
23700,30,45,20,45,1,21,2,
,,,,,,,,
25280,32,18,37,51,1,16,4,
26070,33,18,13,14,3,2,7,
26860,34,14,11,2,1,3,4,
,,,,,,,,
28440,36,23,12,43,4,9,8,
29230,37,21,10,3,0,3,2,
,,,,,,,,
1580,2,47,20,65,2,27,4,
2370,3,19,9,13,3,2,6,
3160,4,17,19,32,2,9,3,
3950,5,4,11,9,2,0,4,
4740,6,38,12,44,4,18,7,
5530,7,24,9,16,6,5,5,
6320,8,20,6,31,5,11,8,
7110,9,18,15,21,0,4,7,
7900,10,22,19,44,2,12,4,
8690,11,13,18,17,3,4,5,
9480,12,22,5,25,1,5,6,
10270,13,35,20,40,6,17,6,
11060,14,11,6,12,3,3,1,
11850,15,20,25,31,3,13,3,
12640,16,12,14,30,2,12,3,
13430,17,28,28,43,3,18,3,
14220,18,12,11,14,4,1,4,
15010,19,12,19,27,2,7,3,
15800,20,23,3,19,2,6,3,
,,,,,,,,
17380,22,30,32,54,7,15,6,
18170,23,23,15,30,1,7,4,
18960,24,25,24,32,3,17,1,
,,,,,,,,
20540,26,30,27,60,5,9,6,
21330,27,19,15,21,0,5,5,
22120,28,32,18,40,1,21,7,
22910,29,22,8,29,2,12,4,
23700,30,48,20,40,2,25,8,
24490,31,23,12,24,3,8,4,
25280,32,15,32,48,0,5,2,
26070,33,12,10,12,1,1,8,
26860,34,24,10,27,2,7,4,
,,,,,,,,
28440,36,44,18,54,4,21,14,
29230,37,23,13,19,1,3,6,
790,1,18,8,26,3,1,6,
1580,2,16,15,33,4,9,2,
2370,3,10,2,15,2,0,3,
3160,4,23,16,35,3,9,3,
3950,5,15,17,22,2,7,2,
4740,6,21,9,26,1,11,5,
5530,7,8,20,33,1,3,6,
6320,8,16,6,27,5,2,10,
7110,9,9,6,21,3,4,5,
7900,10,15,13,25,4,6,4,
8690,11,20,24,19,3,9,3,
9480,12,23,20,35,5,9,2,
10270,13,23,31,49,1,15,5,
11060,14,21,5,16,6,5,8,
11850,15,13,9,30,2,4,7,
12640,16,4,6,24,5,3,2,
13430,17,38,12,38,5,23,5,
14220,18,3,7,16,1,4,5,
15010,19,11,8,28,2,2,1,
15800,20,28,9,52,2,21,6,
16590,21,13,14,31,3,3,4,
17380,22,27,11,30,2,14,1,
18170,23,19,32,25,6,4,6,
18960,24,24,13,47,2,20,3,
19750,25,11,7,25,4,0,4,
20540,26,33,48,57,2,16,8,
21330,27,15,12,21,5,3,7,
22120,28,25,25,47,4,13,9,
22910,29,19,21,19,4,2,3,
23700,30,40,31,57,1,25,4,
24490,31,15,16,16,2,4,6,
25280,32,14,44,43,3,2,9,
26070,33,24,36,35,1,13,4,
26860,34,17,17,31,5,6,5,
27650,35,18,18,44,1,1,8,
28440,36,16,15,28,1,6,5,
29230,37,21,28,44,3,10,7,
790,1,59,39,65,2,35,19,
1580,2,17,12,37,0,1,7,
2370,3,53,19,77,3,37,7,
3160,4,13,9,22,1,3,9,
3950,5,32,26,61,1,17,2,
4740,6,19,13,27,1,1,7,
5530,7,50,29,60,2,32,7,
6320,8,15,25,35,5,1,2,
7110,9,32,23,57,4,19,10,
7900,10,19,23,40,0,3,9,
8690,11,35,17,47,3,21,6,
9480,12,35,30,57,3,12,9,
10270,13,19,7,21,1,4,4,
11060,14,42,20,63,1,28,7,
11850,15,26,8,22,2,0,7,
12640,16,27,20,57,0,17,3,
13430,17,41,31,75,5,31,4,
14220,18,43,16,45,0,23,5,
15010,19,34,15,60,0,24,11,
15800,20,13,3,28,3,3,3,
16590,21,54,13,63,4,27,6,
17380,22,16,14,28,1,0,5,
18170,23,4,8,20,0,18,4,
18960,24,21,12,39,1,9,5,
19750,25,42,30,60,1,23,11,
20540,26,30,11,45,0,13,1,
21330,27,34,24,48,3,24,10,
22120,28,38,13,37,4,15,11,
22910,29,1,20,20,2,13,8,
23700,30,26,2,45,1,7,3,
24490,31,36,22,54,2,20,2,
25280,32,58,24,57,3,38,3,
26070,33,46,17,46,2,33,15,
26860,34,25,18,34,4,2,11,
27650,35,15,12,42,4,2,4,
28440,36,66,28,82,2,38,4,
29230,37,22,12,41,3,9,1,
790,1,29,10,27,1,4,3,
1580,2,22,3,29,0,8,3,
2370,3,32,16,54,3,13,3,
3160,4,28,16,36,0,17,6,
3950,5,31,8,50,2,17,5,
4740,6,16,11,26,4,3,4,
5530,7,34,21,64,1,24,2,
6320,8,34,8,25,2,15,7,
7110,9,50,18,73,2,34,3,
7900,10,15,13,20,4,7,4,
8690,11,28,10,69,2,19,2,
9480,12,26,13,34,3,6,5,
10270,13,29,16,47,4,12,6,
11060,14,27,9,42,4,16,8,
11850,15,29,7,51,4,5,7,
12640,16,52,11,26,0,12,7,
13430,17,38,15,45,3,17,3,
14220,18,39,15,58,1,16,4,
15010,19,18,8,32,1,3,4,
15800,20,25,27,37,0,7,4,
16590,21,21,12,44,1,1,5,
,,,,,,,,
18170,23,49,32,77,8,26,3,
18960,24,37,25,55,3,25,7,
19750,25,25,6,32,3,8,6,
20540,26,50,8,66,0,35,4,
21330,27,2,2,24,3,12,3,
22120,28,41,9,38,3,15,6,
22910,29,26,5,21,1,1,3,
23700,30,31,17,50,2,19,4,
24490,31,28,7,16,2,1,4,
25280,32,21,16,48,2,5,6,
26070,33,9,5,32,2,1,1,
26860,34,49,7,52,0,17,7,
27650,35,31,27,48,3,7,8,
,,,,,,,,
29230,37,59,12,80,5,21,8,
30020,38,31,18,42,2,16,8,
790,1,68,30,94,2,53,1,
1580,2,12,15,24,7,6,5,
2370,3,22,19,16,2,4,6,
3160,4,26,27,60,4,15,6,
3950,5,31,9,45,5,9,9,
4740,6,46,43,51,1,26,2,
5530,7,22,20,33,3,11,4,
,,,,,,,,
7110,9,57,34,54,7,13,19,
7900,10,47,28,68,5,29,2,
8690,11,20,32,23,1,1,0,
9480,12,58,15,55,4,36,11,
10270,13,34,34,25,2,10,7,
11060,14,16,10,30,3,0,5,
11850,15,55,21,70,5,34,6,
12640,16,40,8,47,2,12,2,
13430,17,12,31,32,2,9,7,
14220,18,22,18,23,3,4,8,
15010,19,37,37,60,1,20,5,
15800,20,44,3,60,0,18,4,
16590,21,56,28,82,7,40,0,
17380,22,42,22,41,5,19,6,
18170,23,41,21,34,2,16,8,
18960,24,45,39,66,3,34,8,
19750,25,38,7,66,2,21,8,
20540,26,49,9,60,3,35,2,
21330,27,61,24,58,4,39,5,
22120,28,24,20,44,2,11,8,
22910,29,32,22,52,1,14,5,
23700,30,66,15,85,3,52,6,
24490,31,22,17,34,3,4,3,
25280,32,26,35,60,7,14,3,
26070,33,43,18,25,2,8,9,
26860,34,14,21,42,2,3,10,
27650,35,44,6,64,4,33,7,
28440,36,51,25,64,3,23,4,
29230,37,27,17,40,8,15,3,
